"";"Jahr";"Wahlkreis-Nr.";"Wahlbezirksart";"Wahlkreisname";"Wähler";"Ungültige";"CDU";"CSU";"SPD";"LINKE";"GRÜNE";"FDP";"AFD";"meistgewählt";"pct"
"1";2017;1;"Brief";"Flensburg – Schleswig";34480;138;12663;0;7086;2447;4846;4426;1929;1;36,7
"2";2017;1;"Urne";"Flensburg – Schleswig";137434;1311;45657;0;33302;11555;17458;14529;9724;1;33,2
"3";2017;2;"Brief";"Nordfriesland – Dithmarschen Nord";28737;119;11185;0;5792;1703;3370;4179;1659;1;38,9
"4";2017;2;"Urne";"Nordfriesland – Dithmarschen Nord";110457;1004;41743;0;25328;6886;11774;13871;7371;1;37,8
"5";2017;3;"Brief";"Steinburg – Dithmarschen Süd";23952;93;9095;0;4896;1489;2602;3493;1680;1;38
"6";2017;3;"Urne";"Steinburg – Dithmarschen Süd";108065;1046;38271;0;24860;7243;10358;13805;9500;1;35,4
"7";2017;4;"Brief";"Rendsburg-Eckernförde";31866;122;12249;0;6451;1756;4235;4286;2024;1;38,4
"8";2017;4;"Urne";"Rendsburg-Eckernförde";125488;965;44336;0;29315;8206;15102;14785;9554;1;35,3
"9";2017;5;"Brief";"Kiel";40874;163;12502;0;8615;3627;7341;5352;2027;1;30,6
"10";2017;5;"Urne";"Kiel";112399;1041;28234;0;27593;11919;18802;12452;8477;1;25,1
"11";2017;6;"Brief";"Plön – Neumünster";26540;128;9670;0;5717;1466;3500;3742;1771;1;36,4
"12";2017;6;"Urne";"Plön – Neumünster";105173;1071;34108;0;25296;7037;12850;12739;9390;1;32,4
"13";2017;7;"Brief";"Pinneberg";45313;261;17128;0;9814;2594;4958;6576;2964;1;37,8
"14";2017;7;"Urne";"Pinneberg";142402;1082;46735;0;32915;10517;16378;18159;13013;1;32,8
"15";2017;8;"Brief";"Segeberg – Stormarn-Mitte";42554;165;15950;0;9075;2539;4719;6144;2869;1;37,5
"16";2017;8;"Urne";"Segeberg – Stormarn-Mitte";150726;1170;50417;0;33952;10698;16291;19899;14297;1;33,4
"17";2017;9;"Brief";"Ostholstein – Stormarn-Nord";29947;151;11578;0;6408;1482;3113;4479;2124;1;38,7
"18";2017;9;"Urne";"Ostholstein – Stormarn-Nord";108492;993;37320;0;27356;6821;10380;13668;9658;1;34,4
"19";2017;10;"Brief";"Herzogtum Lauenburg – Stormarn-Süd";44689;184;16707;0;9247;2369;4850;6816;3447;1;37,4
"20";2017;10;"Urne";"Herzogtum Lauenburg – Stormarn-Süd";148645;1179;49324;0;33568;10111;15976;19347;15345;1;33,2
"21";2017;11;"Brief";"Lübeck";32811;195;10752;0;7566;2705;4599;3953;2132;1;32,8
"22";2017;11;"Urne";"Lübeck";98150;972;27511;0;25353;9508;11969;10144;9407;1;28
"23";2017;12;"Brief";"Schwerin – Ludwigslust-Parchim I – Nordwestmecklenburg I";36775;242;13246;0;6753;6473;1795;2441;4249;1;36
"24";2017;12;"Urne";"Schwerin – Ludwigslust-Parchim I – Nordwestmecklenburg I";120296;1418;37837;0;22194;19456;4811;7438;21443;1;31,5
"25";2017;13;"Brief";"Ludwigslust-Parchim II – Nordwestmecklenburg II – Landkreis Rostock I";32517;148;12301;0;5260;5553;1450;2132;4298;1;37,8
"26";2017;13;"Urne";"Ludwigslust-Parchim II – Nordwestmecklenburg II – Landkreis Rostock I";114251;1509;36540;0;19769;18856;4071;6876;21390;1;32
"27";2017;14;"Brief";"Rostock – Landkreis Rostock II";43391;223;14342;0;6734;9218;3215;3018;4559;1;33,1
"28";2017;14;"Urne";"Rostock – Landkreis Rostock II";120625;1471;35091;0;18916;24357;7014;7643;20612;1;29,1
"29";2017;15;"Brief";"Vorpommern-Rügen – Vorpommern-Greifswald I";42867;278;14919;0;5330;8119;2816;3165;6049;1;34,8
"30";2017;15;"Urne";"Vorpommern-Rügen – Vorpommern-Greifswald I";126661;1838;40191;0;15075;21988;5682;8325;26832;1;31,7
"31";2017;16;"Brief";"Mecklenburgische Seenplatte I – Vorpommern-Greifswald II";35700;274;12991;0;4553;6901;1041;2136;6141;1;36,4
"32";2017;16;"Urne";"Mecklenburgische Seenplatte I – Vorpommern-Greifswald II";121265;1878;38798;0;14511;20345;3027;6523;29454;1;32
"33";2017;17;"Brief";"Mecklenburgische Seenplatte II – Landkreis Rostock III";33512;246;13121;0;4662;6064;1283;2047;4644;1;39,2
"34";2017;17;"Urne";"Mecklenburgische Seenplatte II – Landkreis Rostock III";110727;1552;37886;0;15932;18038;3309;6151;22738;1;34,2
"35";2017;18;"Brief";"Hamburg-Mitte";61583;310;16653;0;13550;7789;9103;6533;3865;1;27
"36";2017;18;"Urne";"Hamburg-Mitte";114148;1128;24256;0;28001;18320;16061;9722;10075;3;24,5
"37";2017;19;"Brief";"Hamburg-Altona";56445;194;16397;0;10707;7262;9618;7364;2540;1;29
"38";2017;19;"Urne";"Hamburg-Altona";89645;670;19742;0;18973;15504;16418;8942;5488;1;22
"39";2017;20;"Brief";"Hamburg-Eimsbüttel";61937;232;19284;0;12794;6391;9674;7913;3118;1;31,1
"40";2017;20;"Urne";"Hamburg-Eimsbüttel";94076;578;22542;0;21781;12899;16698;9550;6020;1;24
"41";2017;21;"Brief";"Hamburg-Nord";72504;280;25594;0;14673;5549;9272;10991;3776;1;35,3
"42";2017;21;"Urne";"Hamburg-Nord";106256;606;30143;0;23477;11171;16312;13661;7187;1;28,4
"43";2017;22;"Brief";"Hamburg-Wandsbek";62301;293;20480;0;16010;4925;6032;7073;4946;1;32,9
"44";2017;22;"Urne";"Hamburg-Wandsbek";110273;980;29002;0;29532;11922;11741;10548;11786;3;26,8
"45";2017;23;"Brief";"Hamburg-Bergedorf – Harburg";49443;322;15593;0;12827;4503;4691;4741;4338;1;31,5
"46";2017;23;"Urne";"Hamburg-Bergedorf – Harburg";106315;1215;26626;0;27537;12841;10751;8572;13372;3;25,9
"47";2017;24;"Brief";"Aurich – Emden";26363;157;8521;0;8405;1728;2340;2271;2050;1;32,3
"48";2017;24;"Urne";"Aurich – Emden";116313;1448;31031;0;44948;8414;8163;7808;10827;3;38,6
"49";2017;25;"Brief";"Unterems";30258;138;12697;0;7852;1516;2167;2696;2325;1;42
"50";2017;25;"Urne";"Unterems";146084;1252;61476;0;40342;7943;8091;10933;12295;1;42,1
"51";2017;26;"Brief";"Friesland – Wilhelmshaven – Wittmund";31298;208;11244;0;8725;1882;2323;3392;2411;1;35,9
"52";2017;26;"Urne";"Friesland – Wilhelmshaven – Wittmund";107855;1349;33854;0;33482;7856;7661;9566;10079;1;31,4
"53";2017;27;"Brief";"Oldenburg – Ammerland";39963;159;13210;0;9591;3202;5443;4563;2274;1;33,1
"54";2017;27;"Urne";"Oldenburg – Ammerland";136004;1127;40207;0;35923;13149;16378;13573;10351;1;29,6
"55";2017;28;"Brief";"Delmenhorst – Wesermarsch – Oldenburg-Land";32396;154;11697;0;8578;1882;2865;3662;2381;1;36,1
"56";2017;28;"Urne";"Delmenhorst – Wesermarsch – Oldenburg-Land";137798;1221;44829;0;39044;9685;10660;13414;14011;1;32,5
"57";2017;29;"Brief";"Cuxhaven – Stade II";27694;118;11214;0;7001;1674;2100;2454;2170;1;40,5
"58";2017;29;"Urne";"Cuxhaven – Stade II";114032;889;42949;0;31922;7447;7609;9029;10480;1;37,7
"59";2017;30;"Brief";"Stade I – Rotenburg II";33437;118;13361;0;7846;1921;3080;3468;2456;1;40
"60";2017;30;"Urne";"Stade I – Rotenburg II";119607;731;45868;0;29515;7643;9431;11070;11057;1;38,3
"61";2017;31;"Brief";"Mittelems";29025;80;14404;0;6245;1302;2062;2893;1347;1;49,6
"62";2017;31;"Urne";"Mittelems";150786;879;73906;0;35738;6865;8741;13288;8354;1;49
"63";2017;32;"Brief";"Cloppenburg – Vechta";27604;108;15219;0;4642;1011;1582;2869;1526;1;55,1
"64";2017;32;"Urne";"Cloppenburg – Vechta";136065;1045;71082;0;24228;6134;6625;12429;11619;1;52,2
"65";2017;33;"Brief";"Diepholz – Nienburg I";30351;103;12046;0;7280;1665;2522;3518;2190;1;39,7
"66";2017;33;"Urne";"Diepholz – Nienburg I";117947;917;43787;0;30225;7286;9470;11997;10244;1;37,1
"67";2017;34;"Brief";"Osterholz – Verden";30827;116;11750;0;7646;1964;3095;3036;2163;1;38,1
"68";2017;34;"Urne";"Osterholz – Verden";122209;1122;41285;0;32401;9091;10957;10428;12512;1;33,8
"69";2017;35;"Brief";"Rotenburg I – Heidekreis";24390;114;9533;0;6175;1271;2143;2306;1888;1;39,1
"70";2017;35;"Urne";"Rotenburg I – Heidekreis";102681;853;38025;0;28036;6151;7925;8393;9783;1;37
"71";2017;36;"Brief";"Harburg";40001;171;15531;0;8215;2208;3874;5053;3383;1;38,8
"72";2017;36;"Urne";"Harburg";121836;811;42284;0;27162;7909;12536;13786;12664;1;34,7
"73";2017;37;"Brief";"Lüchow-Dannenberg – Lüneburg";34716;138;11582;0;7608;2967;5159;3317;2316;1;33,4
"74";2017;37;"Urne";"Lüchow-Dannenberg – Lüneburg";106284;723;32279;0;25257;9738;13747;9642;10182;1;30,4
"75";2017;38;"Brief";"Osnabrück-Land";30810;123;13493;0;7228;1577;2640;3224;1687;1;43,8
"76";2017;38;"Urne";"Osnabrück-Land";120492;984;47244;0;31301;7579;9706;11379;9253;1;39,2
"77";2017;39;"Brief";"Stadt Osnabrück";35980;100;14187;0;7730;2656;4753;3764;1552;1;39,4
"78";2017;39;"Urne";"Stadt Osnabrück";116127;838;39790;0;29606;10103;13600;10545;7947;1;34,3
"79";2017;40;"Brief";"Nienburg II – Schaumburg";32068;131;11910;0;9076;1546;2670;3045;2614;1;37,1
"80";2017;40;"Urne";"Nienburg II – Schaumburg";114605;888;37986;0;34231;6743;9161;9385;12331;1;33,1
"81";2017;41;"Brief";"Stadt Hannover I";34103;153;10797;0;8561;2516;4459;4058;2140;1;31,7
"82";2017;41;"Urne";"Stadt Hannover I";100702;803;25604;0;28084;9954;11833;9600;10086;3;27,9
"83";2017;42;"Brief";"Stadt Hannover II";39263;148;11182;0;9087;3839;6245;4492;2207;1;28,5
"84";2017;42;"Urne";"Stadt Hannover II";109768;792;25021;0;28877;13984;15834;10243;9034;3;26,3
"85";2017;43;"Brief";"Hannover-Land I";42767;169;16699;0;10653;2028;3389;5088;3448;1;39
"86";2017;43;"Urne";"Hannover-Land I";138883;1105;46129;0;38130;8862;10946;13781;14918;1;33,2
"87";2017;44;"Brief";"Celle – Uelzen";35738;141;14148;0;8456;1747;3012;3921;3144;1;39,6
"88";2017;44;"Urne";"Celle – Uelzen";126407;998;44710;0;32443;7550;9466;12413;14410;1;35,4
"89";2017;45;"Brief";"Gifhorn – Peine";32366;142;12177;0;9281;1674;2410;3000;2568;1;37,6
"90";2017;45;"Urne";"Gifhorn – Peine";136495;1146;44390;0;41164;8492;9684;11004;15721;1;32,5
"91";2017;46;"Brief";"Hameln-Pyrmont – Holzminden";35534;204;12850;0;10525;1901;2627;3419;2898;1;36,2
"92";2017;46;"Urne";"Hameln-Pyrmont – Holzminden";104246;903;31574;0;33665;7229;7368;9112;11156;3;32,3
"93";2017;47;"Brief";"Hannover-Land II";44682;189;16078;0;12685;2389;3750;4582;3542;1;36
"94";2017;47;"Urne";"Hannover-Land II";143813;1290;42906;0;42476;9916;12540;13343;15850;1;29,8
"95";2017;48;"Brief";"Hildesheim";40047;175;14674;0;11105;2250;3854;3669;2894;1;36,6
"96";2017;48;"Urne";"Hildesheim";129566;1141;40197;0;40972;8682;10952;10207;12801;3;31,6
"97";2017;49;"Brief";"Salzgitter – Wolfenbüttel";33688;178;11794;0;10038;1909;2412;3039;3111;1;35
"98";2017;49;"Urne";"Salzgitter – Wolfenbüttel";123358;1149;34191;0;40444;9357;7801;9411;16004;3;32,8
"99";2017;50;"Brief";"Braunschweig";43961;206;14455;0;10725;3415;5343;4901;2745;1;32,9
"100";2017;50;"Urne";"Braunschweig";103751;849;28079;0;27970;10258;11952;9783;9523;1;27,1
"101";2017;51;"Brief";"Helmstedt – Wolfsburg";31504;162;12197;0;8913;1756;2015;2791;2568;1;38,7
"102";2017;51;"Urne";"Helmstedt – Wolfsburg";105799;1129;34840;0;31827;7294;6049;8197;12294;1;32,9
"103";2017;52;"Brief";"Goslar – Northeim – Osterode";35569;172;12899;0;10559;1895;2497;3451;2934;1;36,3
"104";2017;52;"Urne";"Goslar – Northeim – Osterode";115408;1015;35232;0;37457;7626;7432;10283;12198;3;32,5
"105";2017;53;"Brief";"Göttingen";45915;205;15222;0;11622;3548;5987;4726;2725;1;33,2
"106";2017;53;"Urne";"Göttingen";124632;1018;35955;0;36249;11200;13689;10695;10721;3;29,1
"107";2017;54;"Brief";"Bremen I";52676;255;15718;0;11981;6552;6953;6352;3020;1;29,8
"108";2017;54;"Urne";"Bremen I";135388;1433;32740;0;33748;19873;16615;12786;12519;3;24,9
"109";2017;55;"Brief";"Bremen II – Bremerhaven";32087;194;9004;0;8923;3455;3174;3199;2825;1;28,1
"110";2017;55;"Urne";"Bremen II – Bremerhaven";115768;1714;25947;0;34292;14749;9991;8719;14880;3;29,6
"111";2017;56;"Brief";"Prignitz – Ostprignitz-Ruppin – Havelland I";20957;148;6647;0;4309;3538;983;1352;2889;1;31,7
"112";2017;56;"Urne";"Prignitz – Ostprignitz-Ruppin – Havelland I";99271;1672;28568;0;20575;15909;3248;5203;19294;1;28,8
"113";2017;57;"Brief";"Uckermark – Barnim I";26257;182;7654;0;4332;5214;1366;1593;4112;1;29,2
"114";2017;57;"Urne";"Uckermark – Barnim I";103613;1675;28506;0;17318;18656;3821;5428;22493;1;27,5
"115";2017;58;"Brief";"Oberhavel – Havelland II";42903;353;13176;0;8271;5858;3063;3606;6067;1;30,7
"116";2017;58;"Urne";"Oberhavel – Havelland II";142109;2049;38792;0;25585;20233;8621;10306;27920;1;27,3
"117";2017;59;"Brief";"Märkisch-Oderland – Barnim II";36915;279;9871;0;5732;8056;1902;2504;5847;1;26,7
"118";2017;59;"Urne";"Märkisch-Oderland – Barnim II";133124;2064;32242;0;20176;26576;5898;8503;28854;1;24,2
"119";2017;60;"Brief";"Brandenburg an der Havel – Potsdam-Mittelmark I – Havelland III – Teltow-Fläming I";24124;207;7266;0;4900;4047;1170;1804;3270;1;30,1
"120";2017;60;"Urne";"Brandenburg an der Havel – Potsdam-Mittelmark I – Havelland III – Teltow-Fläming I";103934;1706;28290;0;21155;16878;4068;6390;19363;1;27,2
"121";2017;61;"Brief";"Potsdam – Potsdam-Mittelmark II – Teltow-Fläming II";54123;357;14419;0;9931;9420;5786;5357;5609;1;26,6
"122";2017;61;"Urne";"Potsdam – Potsdam-Mittelmark II – Teltow-Fläming II";141679;1576;33596;0;25842;25686;13293;12411;20524;1;23,7
"123";2017;62;"Brief";"Dahme-Spreewald – Teltow-Fläming III – Oberspreewald-Lausitz I";40561;293;11759;0;6990;6790;2181;3223;6572;1;29
"124";2017;62;"Urne";"Dahme-Spreewald – Teltow-Fläming III – Oberspreewald-Lausitz I";147046;2404;38223;0;25575;22427;6436;10495;32343;1;26
"125";2017;63;"Brief";"Frankfurt (Oder) – Oder-Spree";29388;217;7695;0;4956;5780;1486;2171;4999;1;26,2
"126";2017;63;"Urne";"Frankfurt (Oder) – Oder-Spree";110663;1836;26193;0;17746;20422;4410;7070;25478;1;23,7
"127";2017;64;"Brief";"Cottbus – Spree-Neiße";29560;291;7902;0;4529;5096;1176;2520;6103;1;26,7
"128";2017;64;"Urne";"Cottbus – Spree-Neiße";102553;1794;23464;0;15200;16360;2917;7421;28802;7;28,1
"129";2017;65;"Brief";"Elbe-Elster – Oberspreewald-Lausitz II";20511;174;5953;0;3276;3301;648;1624;4080;1;29
"130";2017;65;"Urne";"Elbe-Elster – Oberspreewald-Lausitz II";102854;2037;27623;0;15424;15474;2498;6504;26484;1;26,9
"131";2017;66;"Brief";"Altmark";16630;96;5791;0;2781;3096;754;1308;2032;1;34,8
"132";2017;66;"Urne";"Altmark";94563;1234;30231;0;15940;17250;2894;6530;16387;1;32
"133";2017;67;"Brief";"Börde – Jerichower Land";23395;168;8166;0;3575;4008;833;2088;3261;1;34,9
"134";2017;67;"Urne";"Börde – Jerichower Land";127104;2243;39400;0;20478;20547;3403;9325;24644;1;31
"135";2017;68;"Brief";"Harz";24999;216;9114;0;4078;4501;1073;1857;3022;1;36,5
"136";2017;68;"Urne";"Harz";118568;1820;38460;0;18837;20568;3895;8045;20838;1;32,4
"137";2017;69;"Brief";"Magdeburg";36131;219;10988;0;6100;6884;2517;3294;3668;1;30,4
"138";2017;69;"Urne";"Magdeburg";126763;1898;33628;0;21413;23172;6047;9419;22383;1;26,5
"139";2017;70;"Brief";"Dessau – Wittenberg";21029;144;7333;0;2931;3872;948;1699;3012;1;34,9
"140";2017;70;"Urne";"Dessau – Wittenberg";102437;1578;31418;0;14429;17230;3351;7241;21315;1;30,7
"141";2017;71;"Brief";"Anhalt";22173;168;7844;0;2981;4101;633;1859;3485;1;35,4
"142";2017;71;"Urne";"Anhalt";125773;2239;36776;0;17308;21786;2822;8989;28864;1;29,2
"143";2017;72;"Brief";"Halle";35197;254;10080;0;5070;7257;3142;3328;3893;1;28,6
"144";2017;72;"Urne";"Halle";117270;1919;29753;0;16126;21635;7315;10205;22834;1;25,4
"145";2017;73;"Brief";"Burgenland – Saalekreis";23236;193;7783;0;3155;3991;741;2003;4137;1;33,5
"146";2017;73;"Urne";"Burgenland – Saalekreis";107983;1814;30895;0;13943;17051;2625;8129;27644;1;28,6
"147";2017;74;"Brief";"Mansfeld";23165;182;7307;0;3404;4360;673;2071;4047;1;31,5
"148";2017;74;"Urne";"Mansfeld";117058;2109;32444;0;16431;19549;2577;9165;28935;1;27,7
"149";2017;75;"Brief";"Berlin-Mitte";51038;348;10766;0;8434;10009;9247;5333;3288;1;21,1
"150";2017;75;"Urne";"Berlin-Mitte";100374;1621;17095;0;18354;22109;16461;7639;9001;4;22
"151";2017;76;"Brief";"Berlin-Pankow";61545;402;13521;0;9578;13978;9178;4540;5511;4;22,7
"152";2017;76;"Urne";"Berlin-Pankow";126954;1445;23473;0;19607;29796;17473;7781;17804;4;23,5
"153";2017;77;"Brief";"Berlin-Reinickendorf";43751;454;15620;0;8297;2922;3847;5326;4819;1;35,7
"154";2017;77;"Urne";"Berlin-Reinickendorf";93489;1681;26292;0;18774;8594;8458;10050;13694;1;28,1
"155";2017;78;"Brief";"Berlin-Spandau – Charlottenburg Nord";40567;470;13280;0;8973;3089;3392;4544;4291;1;32,7
"156";2017;78;"Urne";"Berlin-Spandau – Charlottenburg Nord";92442;1792;23432;0;20760;9691;7671;8383;14190;1;25,3
"157";2017;79;"Brief";"Berlin-Steglitz-Zehlendorf";72655;612;24623;0;13270;5299;9296;10997;5465;1;33,9
"158";2017;79;"Urne";"Berlin-Steglitz-Zehlendorf";108065;1151;28658;0;21009;11053;16065;14464;10359;1;26,5
"159";2017;80;"Brief";"Berlin-Charlottenburg-Wilmersdorf";59993;388;17349;0;11045;5888;9100;9764;3933;1;28,9
"160";2017;80;"Urne";"Berlin-Charlottenburg-Wilmersdorf";98041;999;22736;0;19306;12479;15670;13516;8441;1;23,2
"161";2017;81;"Brief";"Berlin-Tempelhof-Schöneberg";67017;588;18866;0;12966;7371;10541;7702;5237;1;28,2
"162";2017;81;"Urne";"Berlin-Tempelhof-Schöneberg";114142;1490;25855;0;23213;16254;17415;10867;11871;1;22,7
"163";2017;82;"Brief";"Berlin-Neukölln";48185;415;12361;0;8995;7732;6530;4111;4240;1;25,7
"164";2017;82;"Urne";"Berlin-Neukölln";95368;1725;19231;0;18525;18020;11916;6780;11664;1;20,2
"165";2017;83;"Brief";"Berlin-Friedrichshain-Kreuzberg – Prenzlauer Berg Ost";58129;328;9046;0;8752;15233;12860;3983;2799;4;26,2
"166";2017;83;"Urne";"Berlin-Friedrichshain-Kreuzberg – Prenzlauer Berg Ost";115160;1217;14841;0;18639;33783;22217;6164;8064;4;29,3
"167";2017;84;"Brief";"Berlin-Treptow-Köpenick";47694;340;10511;0;7648;12446;3864;3281;5992;4;26,1
"168";2017;84;"Urne";"Berlin-Treptow-Köpenick";109417;1583;20861;0;16461;26554;8304;6786;20286;4;24,3
"169";2017;85;"Brief";"Berlin-Marzahn-Hellersdorf";37951;385;9001;0;5361;10775;1604;2176;5817;4;28,4
"170";2017;85;"Urne";"Berlin-Marzahn-Hellersdorf";101041;1668;19619;0;14436;24923;4017;5114;23801;4;24,7
"171";2017;86;"Brief";"Berlin-Lichtenberg";43249;328;8845;0;6294;13317;3026;2392;5289;4;30,8
"172";2017;86;"Urne";"Berlin-Lichtenberg";105867;1662;18439;0;15556;29855;6795;5353;19314;4;28,2
"173";2017;87;"Brief";"Aachen I";52115;111;16611;0;11383;4426;6958;8588;2103;1;31,9
"174";2017;87;"Urne";"Aachen I";88509;712;22216;0;23280;10033;10960;11207;6168;3;26,3
"175";2017;88;"Brief";"Aachen II";56038;270;19886;0;18372;2795;2545;6866;3630;1;35,5
"176";2017;88;"Urne";"Aachen II";117111;1272;32770;0;42167;7310;5891;12347;11223;3;36
"177";2017;89;"Brief";"Heinsberg";36985;219;16159;0;8537;1798;1787;4799;2403;1;43,7
"178";2017;89;"Urne";"Heinsberg";105345;1221;39446;0;27884;6111;5494;11312;9910;1;37,4
"179";2017;90;"Brief";"Düren";50807;300;19782;0;13866;2450;2514;6400;3789;1;38,9
"180";2017;90;"Urne";"Düren";100788;1161;32630;0;29950;6359;5684;10755;10643;1;32,4
"181";2017;91;"Brief";"Rhein-Erft-Kreis I";65061;374;24486;0;16164;2977;3759;10096;5134;1;37,6
"182";2017;91;"Urne";"Rhein-Erft-Kreis I";126444;1263;39178;0;33850;8415;8767;17302;12957;1;31
"183";2017;92;"Brief";"Euskirchen – Rhein-Erft-Kreis II";64437;339;25279;0;14310;3465;3849;10016;4999;1;39,2
"184";2017;92;"Urne";"Euskirchen – Rhein-Erft-Kreis II";123359;1261;41224;0;29188;7938;8598;17394;13326;1;33,4
"185";2017;93;"Brief";"Köln I";54673;259;16590;0;12738;4896;5975;7945;3758;1;30,3
"186";2017;93;"Urne";"Köln I";85045;828;19975;0;20928;10375;9825;10122;8532;3;24,6
"187";2017;94;"Brief";"Köln II";87120;280;28223;0;16012;7574;12029;16348;3752;1;32,4
"188";2017;94;"Urne";"Köln II";110859;621;27942;0;22473;13526;18601;17412;6212;1;25,2
"189";2017;95;"Brief";"Köln III";57349;251;16363;0;13724;6155;7486;7214;3506;1;28,5
"190";2017;95;"Urne";"Köln III";93280;853;20137;0;23125;12963;13487;9636;8225;3;24,8
"191";2017;96;"Brief";"Bonn";63251;200;21355;0;11689;4993;8623;10803;3571;1;33,8
"192";2017;96;"Urne";"Bonn";117188;1031;31979;0;24430;12140;16574;17310;9565;1;27,3
"193";2017;97;"Brief";"Rhein-Sieg-Kreis I";55504;281;21336;0;11841;3281;3892;8722;4128;1;38,4
"194";2017;97;"Urne";"Rhein-Sieg-Kreis I";128791;1257;40998;0;29081;9757;9865;18545;14109;1;31,8
"195";2017;98;"Brief";"Rhein-Sieg-Kreis II";54488;289;21443;0;10168;2778;4407;10141;3687;1;39,4
"196";2017;98;"Urne";"Rhein-Sieg-Kreis II";120025;1061;39982;0;24415;8338;10785;20001;11539;1;33,3
"197";2017;99;"Brief";"Oberbergischer Kreis";41072;203;16768;0;8995;2132;2548;6289;2849;1;40,8
"198";2017;99;"Urne";"Oberbergischer Kreis";115521;1356;39799;0;26083;7755;7447;15064;13564;1;34,5
"199";2017;100;"Brief";"Rheinisch-Bergischer Kreis";61048;381;23989;0;12078;3307;4940;10822;3807;1;39,3
"200";2017;100;"Urne";"Rheinisch-Bergischer Kreis";113372;1510;37434;0;24143;7735;10641;17965;9970;1;33
"201";2017;101;"Brief";"Leverkusen – Köln IV";50113;249;16014;0;12968;3905;4195;6875;3644;1;32
"202";2017;101;"Urne";"Leverkusen – Köln IV";105026;1179;27161;0;28703;10379;9277;11844;11326;3;27,3
"203";2017;102;"Brief";"Wuppertal I";39678;183;12715;0;9831;3491;3356;5557;3141;1;32
"204";2017;102;"Urne";"Wuppertal I";110272;1200;26626;0;28865;12609;9398;12880;13290;3;26,2
"205";2017;103;"Brief";"Solingen – Remscheid – Wuppertal II";43764;214;16112;0;10205;2738;2934;7014;3169;1;36,8
"206";2017;103;"Urne";"Solingen – Remscheid – Wuppertal II";120255;1336;35206;0;30538;9951;8792;15933;13052;1;29,3
"207";2017;104;"Brief";"Mettmann I";52344;235;20547;0;11158;2604;3398;9189;3749;1;39,3
"208";2017;104;"Urne";"Mettmann I";107971;915;33579;0;25438;7612;8398;16568;11304;1;31,1
"209";2017;105;"Brief";"Mettmann II";37779;158;14130;0;8496;2083;2388;6675;2654;1;37,4
"210";2017;105;"Urne";"Mettmann II";87717;898;26471;0;21996;6375;6211;13016;9272;1;30,2
"211";2017;106;"Brief";"Düsseldorf I";59454;190;21738;0;10194;3857;5305;13397;3148;1;36,6
"212";2017;106;"Urne";"Düsseldorf I";113493;847;33314;0;23299;10818;11843;20543;8881;1;29,4
"213";2017;107;"Brief";"Düsseldorf II";44239;146;14548;0;9460;3566;4486;7413;2905;1;32,9
"214";2017;107;"Urne";"Düsseldorf II";99360;907;26058;0;23758;10545;9893;13864;10063;1;26,2
"215";2017;108;"Brief";"Neuss I";50673;230;20533;0;10998;2426;2817;8316;3603;1;40,5
"216";2017;108;"Urne";"Neuss I";109377;1045;36450;0;26440;7469;6766;15269;11284;1;33,3
"217";2017;109;"Brief";"Mönchengladbach";32142;147;13404;0;6324;1910;2109;5058;2099;1;41,7
"218";2017;109;"Urne";"Mönchengladbach";99864;1023;33382;0;24223;7717;6060;12888;10274;1;33,4
"219";2017;110;"Brief";"Krefeld I – Neuss II";46060;144;18671;0;9199;2201;2932;8853;2689;1;40,5
"220";2017;110;"Urne";"Krefeld I – Neuss II";109374;1100;36236;0;24852;7604;7939;18006;9415;1;33,1
"221";2017;111;"Brief";"Viersen";46549;186;19806;0;9290;2220;2902;8137;2659;1;42,5
"222";2017;111;"Urne";"Viersen";126731;1076;45669;0;29078;8122;8689;19439;10182;1;36
"223";2017;112;"Brief";"Kleve";47696;248;21626;0;10263;2185;2684;6939;2450;1;45,3
"224";2017;112;"Urne";"Kleve";121361;1151;48074;0;29053;7181;7414;15748;9171;1;39,6
"225";2017;113;"Brief";"Wesel I";43496;205;16731;0;11539;2299;2550;5975;2900;1;38,5
"226";2017;113;"Urne";"Wesel I";116848;1041;36892;0;34088;8338;7193;13734;11425;1;31,6
"227";2017;114;"Brief";"Krefeld II – Wesel II";35209;135;12914;0;8606;2075;2226;5675;2419;1;36,7
"228";2017;114;"Urne";"Krefeld II – Wesel II";98496;1040;28041;0;28108;8015;7081;12357;9767;3;28,5
"229";2017;115;"Brief";"Duisburg I";30065;321;9060;0;9100;2166;1975;3606;2558;3;30,3
"230";2017;115;"Urne";"Duisburg I";91573;1701;21686;0;28825;8203;5869;8885;10991;3;31,5
"231";2017;116;"Brief";"Duisburg II";22691;217;6475;0;7692;1479;1005;2348;2486;3;33,9
"232";2017;116;"Urne";"Duisburg II";81013;1695;16355;0;27003;7067;3488;6021;13308;3;33,3
"233";2017;117;"Brief";"Oberhausen – Wesel III";40802;277;12683;0;13249;2873;2036;4467;3796;3;32,5
"234";2017;117;"Urne";"Oberhausen – Wesel III";109510;1174;26402;0;35916;9500;6192;10423;14764;3;32,8
"235";2017;118;"Brief";"Mülheim – Essen I";41685;230;13730;0;11773;2562;2472;6011;3510;1;32,9
"236";2017;118;"Urne";"Mülheim – Essen I";101173;977;26117;0;29958;7984;6993;12326;12690;3;29,6
"237";2017;119;"Brief";"Essen II";31162;183;8795;0;9569;2236;1901;3486;3614;3;30,7
"238";2017;119;"Urne";"Essen II";79207;971;16811;0;25158;7288;4845;7097;12725;3;31,8
"239";2017;120;"Brief";"Essen III";52234;216;17871;0;12018;3630;4460;8725;3474;1;34,2
"240";2017;120;"Urne";"Essen III";101102;711;27955;0;25681;8944;9852;14343;9261;1;27,7
"241";2017;121;"Brief";"Recklinghausen I";35300;178;12008;0;10759;2204;1901;3986;3099;1;34
"242";2017;121;"Urne";"Recklinghausen I";88658;896;23100;0;28063;6766;5231;8688;11678;3;31,7
"243";2017;122;"Brief";"Recklinghausen II";44161;248;15371;0;13648;2472;1981;5082;3992;1;34,8
"244";2017;122;"Urne";"Recklinghausen II";96634;1037;25708;0;30576;6729;5208;9677;13395;3;31,6
"245";2017;123;"Brief";"Gelsenkirchen";32281;239;9085;0;10682;2066;1448;3318;4070;3;33,1
"246";2017;123;"Urne";"Gelsenkirchen";87133;1109;17367;0;28842;6637;4041;7516;16043;3;33,1
"247";2017;124;"Brief";"Steinfurt I – Borken I";42500;140;20427;0;8998;1802;2401;5851;1901;1;48,1
"248";2017;124;"Urne";"Steinfurt I – Borken I";112106;888;46998;0;26468;6631;6741;13488;7818;1;41,9
"249";2017;125;"Brief";"Bottrop – Recklinghausen III";36835;171;13095;0;10951;2207;1560;4315;3266;1;35,6
"250";2017;125;"Urne";"Bottrop – Recklinghausen III";115007;1157;31872;0;36062;8085;5688;11426;15444;3;31,4
"251";2017;126;"Brief";"Borken II";43032;193;21637;0;8233;1510;2425;6077;2003;1;50,3
"252";2017;126;"Urne";"Borken II";115114;897;52244;0;25464;5030;6795;14532;7402;1;45,4
"253";2017;127;"Brief";"Coesfeld – Steinfurt II";52660;222;24959;0;10312;2426;3685;7510;2339;1;47,4
"254";2017;127;"Urne";"Coesfeld – Steinfurt II";104153;765;43677;0;22475;5968;7982;13606;7157;1;41,9
"255";2017;128;"Brief";"Steinfurt III";35752;135;15187;0;8812;1901;2481;4660;1735;1;42,5
"256";2017;128;"Urne";"Steinfurt III";116789;1023;42028;0;33003;7791;8545;12545;8607;1;36
"257";2017;129;"Brief";"Münster";82707;248;30239;0;16215;6986;11240;12262;3034;1;36,6
"258";2017;129;"Urne";"Münster";108383;716;32037;0;23499;12301;16499;13422;6359;1;29,6
"259";2017;130;"Brief";"Warendorf";48521;214;21601;0;10643;2272;3119;6941;2501;1;44,5
"260";2017;130;"Urne";"Warendorf";115010;1173;43756;0;28349;6725;7696;14234;9524;1;38
"261";2017;131;"Brief";"Gütersloh I";50641;235;21116;0;11107;2434;3921;7394;3025;1;41,7
"262";2017;131;"Urne";"Gütersloh I";126067;1446;46059;0;28997;8161;9896;15454;12056;1;36,5
"263";2017;132;"Brief";"Bielefeld – Gütersloh II";54916;184;17328;0;13173;5264;6266;7342;3346;1;31,6
"264";2017;132;"Urne";"Bielefeld – Gütersloh II";131236;1352;33667;0;33710;15258;14301;14022;13168;3;25,7
"265";2017;133;"Brief";"Herford – Minden-Lübbecke II";52688;251;19111;0;14677;2828;3318;6683;4077;1;36,3
"266";2017;133;"Urne";"Herford – Minden-Lübbecke II";115976;1366;33883;0;33263;8761;8167;12503;14021;1;29,2
"267";2017;134;"Brief";"Minden-Lübbecke I";41150;183;14549;0;11957;2244;2622;5346;2964;1;35,4
"268";2017;134;"Urne";"Minden-Lübbecke I";110031;1325;34611;0;32009;7188;7003;11519;12865;1;31,5
"269";2017;135;"Brief";"Lippe I";36631;173;12832;0;9954;2105;2470;5119;2725;1;35
"270";2017;135;"Urne";"Lippe I";92307;1228;27382;0;25555;6294;6399;10797;11422;1;29,7
"271";2017;136;"Brief";"Höxter – Lippe II";41388;209;16210;0;9888;2373;2802;5642;2976;1;39,2
"272";2017;136;"Urne";"Höxter – Lippe II";118495;1483;42729;0;29150;7815;7392;13901;12221;1;36,1
"273";2017;137;"Brief";"Paderborn – Gütersloh III";53465;217;23391;0;9563;2949;4019;7957;3556;1;43,8
"274";2017;137;"Urne";"Paderborn – Gütersloh III";134014;1365;52237;0;25492;9343;9593;17019;14928;1;39
"275";2017;138;"Brief";"Hagen – Ennepe-Ruhr-Kreis I";41389;191;14101;0;11736;2454;2091;5810;3680;1;34,1
"276";2017;138;"Urne";"Hagen – Ennepe-Ruhr-Kreis I";108655;1059;28871;0;31812;8289;6582;12912;13942;3;29,3
"277";2017;139;"Brief";"Ennepe-Ruhr-Kreis II";44626;247;13812;0;13310;3220;3362;5831;3176;1;31
"278";2017;139;"Urne";"Ennepe-Ruhr-Kreis II";93006;961;23472;0;27457;7872;7780;11439;10014;3;29,5
"279";2017;140;"Brief";"Bochum I";51299;305;15212;0;15040;4344;4329;6228;3838;1;29,7
"280";2017;140;"Urne";"Bochum I";105642;932;24368;0;31203;11609;9533;11221;11352;3;29,5
"281";2017;141;"Brief";"Herne – Bochum II";34586;240;9881;0;11828;2379;1944;3376;3511;3;34,2
"282";2017;141;"Urne";"Herne – Bochum II";93388;1244;19748;0;31484;8481;5470;8184;13490;3;33,7
"283";2017;142;"Brief";"Dortmund I";50382;193;14562;0;14512;4182;4729;6229;3675;1;28,9
"284";2017;142;"Urne";"Dortmund I";105715;981;23405;0;31912;11324;9973;10964;11522;3;30,2
"285";2017;143;"Brief";"Dortmund II";42636;230;12299;0;13871;3074;2943;5130;3353;3;32,5
"286";2017;143;"Urne";"Dortmund II";101198;1188;22523;0;32642;9850;7247;10273;12157;3;32,3
"287";2017;144;"Brief";"Unna I";44523;263;14120;0;14592;2504;2874;5494;3174;3;32,8
"288";2017;144;"Urne";"Unna I";106308;988;26577;0;35613;7809;7380;11702;11515;3;33,5
"289";2017;145;"Brief";"Hamm – Unna II";49330;219;17760;0;14627;2758;2564;5901;3895;1;36
"290";2017;145;"Urne";"Hamm – Unna II";122194;1570;33715;0;38840;9079;6374;11777;15173;3;31,8
"291";2017;146;"Brief";"Soest";55434;227;22517;0;13139;3062;3214;8097;3707;1;40,6
"292";2017;146;"Urne";"Soest";118930;1063;40247;0;30045;8640;7509;15199;12458;1;33,8
"293";2017;147;"Brief";"Hochsauerlandkreis";52112;213;23435;0;11027;2333;2326;7890;3370;1;45
"294";2017;147;"Urne";"Hochsauerlandkreis";101902;987;40216;0;23838;5850;4872;14029;8846;1;39,5
"295";2017;148;"Brief";"Siegen-Wittgenstein";53389;304;19789;0;13647;3400;2721;7180;4545;1;37,1
"296";2017;148;"Urne";"Siegen-Wittgenstein";108917;1043;34859;0;28904;9224;6136;11945;12609;1;32
"297";2017;149;"Brief";"Olpe – Märkischer Kreis I";57375;269;25675;0;12553;2499;2364;8604;3903;1;44,7
"298";2017;149;"Urne";"Olpe – Märkischer Kreis I";95167;984;35719;0;22716;5706;4502;12154;9944;1;37,5
"299";2017;150;"Brief";"Märkischer Kreis II";47995;193;19112;0;11805;2483;2125;6927;3987;1;39,8
"300";2017;150;"Urne";"Märkischer Kreis II";97479;1059;29949;0;25388;6944;4935;12401;12701;1;30,7
"301";2017;151;"Brief";"Nordsachsen";21310;154;6936;0;2579;3405;667;1782;4541;1;32,5
"302";2017;151;"Urne";"Nordsachsen";96860;1453;27385;0;11940;13768;2354;7407;26760;1;28,3
"303";2017;152;"Brief";"Leipzig I";38558;201;9933;0;5034;7923;3328;3518;5586;1;25,8
"304";2017;152;"Urne";"Leipzig I";122849;1276;27689;0;15640;23214;7972;10047;27705;7;22,6
"305";2017;153;"Brief";"Leipzig II";47685;244;11316;0;6397;10491;5889;4387;5399;1;23,7
"306";2017;153;"Urne";"Leipzig II";127513;1170;26795;0;16328;28567;12265;10479;22375;4;22,4
"307";2017;154;"Brief";"Leipzig-Land";29801;188;9977;0;3482;4556;1142;2620;6268;1;33,5
"308";2017;154;"Urne";"Leipzig-Land";131520;1742;37967;0;14657;18812;4015;10239;36555;1;28,9
"309";2017;155;"Brief";"Meißen";30819;269;9108;0;2865;4468;1416;2951;7764;1;29,6
"310";2017;155;"Urne";"Meißen";122169;1806;30298;0;10283;15643;4115;10205;41851;7;34,3
"311";2017;156;"Brief";"Bautzen I";25712;169;7829;0;2366;4002;734;2171;6630;1;30,4
"312";2017;156;"Urne";"Bautzen I";135607;2308;35166;0;12012;18595;3034;9951;45411;7;33,5
"313";2017;157;"Brief";"Görlitz";27173;227;8176;0;2775;4104;1014;2083;6878;1;30,1
"314";2017;157;"Urne";"Görlitz";128916;2142;32824;0;11474;17430;3462;8727;43673;7;33,9
"315";2017;158;"Brief";"Sächsische Schweiz-Osterzgebirge";28914;205;8386;0;2481;4191;1119;2722;7723;1;29
"316";2017;158;"Urne";"Sächsische Schweiz-Osterzgebirge";127428;1762;31195;0;9559;15517;3524;10073;47026;7;36,9
"317";2017;159;"Brief";"Dresden I";54503;280;15136;0;6027;9334;4949;5841;8998;1;27,8
"318";2017;159;"Urne";"Dresden I";128346;1451;28968;0;13219;21670;8987;12769;32814;7;25,6
"319";2017;160;"Brief";"Dresden II – Bautzen II";50524;235;13180;0;5064;9053;5592;5010;8230;1;26,1
"320";2017;160;"Urne";"Dresden II – Bautzen II";136294;1419;29612;0;12913;22987;10996;12674;34896;7;25,6
"321";2017;161;"Brief";"Mittelsachsen";29212;203;9095;0;3030;4550;973;2563;7014;1;31,1
"322";2017;161;"Urne";"Mittelsachsen";121436;1556;32094;0;11457;17032;3139;9204;39508;7;32,5
"323";2017;162;"Brief";"Chemnitz";36731;214;10256;0;4746;7577;1899;3056;6605;1;27,9
"324";2017;162;"Urne";"Chemnitz";110487;1133;26014;0;12627;20433;4919;9128;28851;7;26,1
"325";2017;163;"Brief";"Chemnitzer Umland – Erzgebirgskreis II";24329;169;8306;0;2597;3862;787;2019;5198;1;34,1
"326";2017;163;"Urne";"Chemnitzer Umland – Erzgebirgskreis II";114562;1539;33641;0;11927;17110;3063;8523;31548;1;29,4
"327";2017;164;"Brief";"Erzgebirgskreis I";28564;263;9719;0;2630;4430;772;2335;6627;1;34
"328";2017;164;"Urne";"Erzgebirgskreis I";138137;2467;41040;0;12822;18660;2889;9771;41325;7;29,9
"329";2017;165;"Brief";"Zwickau";28246;207;9506;0;3058;5011;1025;2283;5605;1;33,7
"330";2017;165;"Urne";"Zwickau";122704;1914;35600;0;13073;19654;3302;8970;33359;1;29
"331";2017;166;"Brief";"Vogtlandkreis";27314;217;9051;0;3180;4480;901;2146;5888;1;33,1
"332";2017;166;"Urne";"Vogtlandkreis";115461;1697;33553;0;12863;18098;3365;8008;31329;1;29,1
"333";2017;167;"Brief";"Waldeck";35864;322;11561;0;11113;2138;2491;3713;3279;1;32,2
"334";2017;167;"Urne";"Waldeck";106988;1797;30671;0;32333;7753;7169;10205;13132;3;30,2
"335";2017;168;"Brief";"Kassel";46091;421;13171;0;12688;4528;5544;4537;3423;1;28,6
"336";2017;168;"Urne";"Kassel";121764;2031;28565;0;34081;14149;13391;10509;13865;3;28
"337";2017;169;"Brief";"Werra-Meißner – Hersfeld-Rotenburg";33337;345;10462;0;10503;1959;2104;3088;3627;3;31,5
"338";2017;169;"Urne";"Werra-Meißner – Hersfeld-Rotenburg";100389;2314;28069;0;32234;6787;5739;8008;13546;3;32,1
"339";2017;170;"Brief";"Schwalm-Eder";33245;375;10286;0;10116;2022;2266;3294;3452;1;30,9
"340";2017;170;"Urne";"Schwalm-Eder";112498;2316;31509;0;34731;7248;7170;9824;15052;3;30,9
"341";2017;171;"Brief";"Marburg";34576;187;10947;0;8347;3572;3883;3310;2972;1;31,7
"342";2017;171;"Urne";"Marburg";107789;1392;31430;0;28855;10848;9205;8881;13153;1;29,2
"343";2017;172;"Brief";"Lahn-Dill";33911;290;12381;0;7877;1925;2448;3712;3899;1;36,5
"344";2017;172;"Urne";"Lahn-Dill";121091;1911;38744;0;29917;8285;8320;11109;17032;1;32
"345";2017;173;"Brief";"Gießen";41226;303;13278;0;9372;3072;4463;4759;3795;1;32,2
"346";2017;173;"Urne";"Gießen";125395;2005;36240;0;29880;10726;11435;12167;16563;1;28,9
"347";2017;174;"Brief";"Fulda";35124;296;14442;0;6139;1830;2743;4124;4200;1;41,1
"348";2017;174;"Urne";"Fulda";126857;3003;47369;0;22606;7436;7850;12998;20945;1;37,3
"349";2017;175;"Brief";"Main-Kinzig – Wetterau II – Schotten";34414;310;11817;0;8006;2025;2415;3866;4293;1;34,3
"350";2017;175;"Urne";"Main-Kinzig – Wetterau II – Schotten";103779;1857;31330;0;24063;6913;7199;10278;16634;1;30,2
"351";2017;176;"Brief";"Hochtaunus";44311;548;16162;0;8155;2506;4012;7211;4078;1;36,5
"352";2017;176;"Urne";"Hochtaunus";102004;1158;32274;0;20792;7056;10062;14502;12054;1;31,6
"353";2017;177;"Brief";"Wetterau I";37589;305;13040;0;8127;2152;3389;5156;3648;1;34,7
"354";2017;177;"Urne";"Wetterau I";101264;1328;30911;0;23025;7097;9613;12306;12247;1;30,5
"355";2017;178;"Brief";"Rheingau-Taunus – Limburg";53154;453;20583;0;10293;2689;4366;7288;5285;1;38,7
"356";2017;178;"Urne";"Rheingau-Taunus – Limburg";120473;1549;38763;0;25311;8380;10907;15362;15114;1;32,2
"357";2017;179;"Brief";"Wiesbaden";42682;283;13914;0;8162;3154;5022;6710;3716;1;32,6
"358";2017;179;"Urne";"Wiesbaden";97093;1263;26108;0;21085;10006;11264;11690;11780;1;26,9
"359";2017;180;"Brief";"Hanau";32614;335;10710;0;7513;2066;2685;4007;3740;1;32,8
"360";2017;180;"Urne";"Hanau";101576;1532;28416;0;23637;7940;8660;11178;14886;1;28
"361";2017;181;"Brief";"Main-Taunus";49692;431;18891;0;8311;2309;4668;9069;4275;1;38
"362";2017;181;"Urne";"Main-Taunus";110955;1357;36011;0;20475;7195;12084;17502;12120;1;32,5
"363";2017;182;"Brief";"Frankfurt am Main I";42104;260;12593;0;7207;4081;5942;7269;2982;1;29,9
"364";2017;182;"Urne";"Frankfurt am Main I";102737;1354;24628;0;22536;13098;13533;12720;10360;1;24
"365";2017;183;"Brief";"Frankfurt am Main II";53091;286;15990;0;9157;4995;8243;8816;3495;1;30,1
"366";2017;183;"Urne";"Frankfurt am Main II";119302;1334;29741;0;24354;15064;18172;15520;10242;1;24,9
"367";2017;184;"Brief";"Groß-Gerau";32521;410;10958;0;8019;2095;2804;3385;3309;1;33,7
"368";2017;184;"Urne";"Groß-Gerau";100797;1728;28992;0;25299;8660;9058;9260;12634;1;28,8
"369";2017;185;"Brief";"Offenbach";43443;419;15021;0;8421;3079;4236;6077;4311;1;34,6
"370";2017;185;"Urne";"Offenbach";120137;1867;34281;0;26098;11182;12185;14295;14739;1;28,5
"371";2017;186;"Brief";"Darmstadt";54053;439;16344;0;11540;4719;7652;6619;4205;1;30,2
"372";2017;186;"Urne";"Darmstadt";138455;1694;35874;0;31098;14789;19665;14274;14449;1;25,9
"373";2017;187;"Brief";"Odenwald";50262;567;18172;0;11116;3168;4220;5765;5069;1;36,2
"374";2017;187;"Urne";"Odenwald";134712;2178;41463;0;31400;10265;11864;14183;17189;1;30,8
"375";2017;188;"Brief";"Bergstraße";43605;354;16227;0;9120;2404;3695;5351;4641;1;37,2
"376";2017;188;"Urne";"Bergstraße";112477;1634;34861;0;25315;7793;9900;12845;15282;1;31
"377";2017;189;"Brief";"Eichsfeld – Nordhausen – Kyffhäuserkreis";30172;279;11025;0;4246;4725;1126;2244;4727;1;36,5
"378";2017;189;"Urne";"Eichsfeld – Nordhausen – Kyffhäuserkreis";128167;2131;41642;0;17406;17888;3652;9730;28127;1;32,5
"379";2017;190;"Brief";"Eisenach – Wartburgkreis – Unstrut-Hainich-Kreis";30240;249;10027;0;4486;5039;1255;2221;4991;1;33,2
"380";2017;190;"Urne";"Eisenach – Wartburgkreis – Unstrut-Hainich-Kreis";132914;2019;38313;0;18720;20132;4341;9324;30833;1;28,8
"381";2017;191;"Brief";"Jena – Sömmerda – Weimarer Land I";32592;217;9407;0;4061;6433;2776;2973;4603;1;28,9
"382";2017;191;"Urne";"Jena – Sömmerda – Weimarer Land I";122618;1637;32685;0;15089;21879;6721;10337;25823;1;26,7
"383";2017;192;"Brief";"Gotha – Ilm-Kreis";28147;197;8507;0;4106;4762;1356;2317;5020;1;30,2
"384";2017;192;"Urne";"Gotha – Ilm-Kreis";119918;1990;32069;0;16285;18158;4055;8901;30071;1;26,7
"385";2017;193;"Brief";"Erfurt – Weimar – Weimarer Land II";42424;333;11608;0;6062;8595;4079;3769;5212;1;27,4
"386";2017;193;"Urne";"Erfurt – Weimar – Weimarer Land II";125811;1744;30560;0;17473;23644;8587;10491;24954;1;24,3
"387";2017;194;"Brief";"Gera – Greiz – Altenburger Land";33409;267;10187;0;3843;6301;1043;2938;7008;1;30,5
"388";2017;194;"Urne";"Gera – Greiz – Altenburger Land";143524;2274;37503;0;16002;24101;3666;11377;40267;7;28,1
"389";2017;195;"Brief";"Saalfeld-Rudolstadt – Saale-Holzland-Kreis – Saale-Orla-Kreis";32968;224;10115;0;4038;5852;1220;2746;6683;1;30,7
"390";2017;195;"Urne";"Saalfeld-Rudolstadt – Saale-Holzland-Kreis – Saale-Orla-Kreis";138911;1904;37654;0;16389;22236;3904;10463;37057;1;27,1
"391";2017;196;"Brief";"Suhl – Schmalkalden-Meiningen – Hildburghausen – Sonneberg";32273;241;10219;0;4355;6097;1375;2364;5608;1;31,7
"392";2017;196;"Urne";"Suhl – Schmalkalden-Meiningen – Hildburghausen – Sonneberg";137964;1898;40737;0;18471;22370;4184;8934;33085;1;29,5
"393";2017;197;"Brief";"Neuwied";64044;555;27413;0;15278;3048;3738;6855;5164;1;42,8
"394";2017;197;"Urne";"Neuwied";117563;1992;40944;0;30169;8290;7000;11216;14109;1;34,8
"395";2017;198;"Brief";"Ahrweiler";54876;323;24458;0;11748;2419;3479;6643;4184;1;44,6
"396";2017;198;"Urne";"Ahrweiler";96711;1275;36479;0;22365;6100;6580;10754;10253;1;37,7
"397";2017;199;"Brief";"Koblenz";60364;443;25850;0;13569;3189;4315;6609;4368;1;42,8
"398";2017;199;"Urne";"Koblenz";90789;1081;30766;0;22110;7143;7547;9543;9333;1;33,9
"399";2017;200;"Brief";"Mosel/Rhein-Hunsrück";40657;332;18052;0;8707;2189;2272;4730;2908;1;44,4
"400";2017;200;"Urne";"Mosel/Rhein-Hunsrück";94862;1483;37554;0;22092;5954;5215;10194;9088;1;39,6
"401";2017;201;"Brief";"Kreuznach";43814;287;16426;0;11447;2525;2702;4588;4173;1;37,5
"402";2017;201;"Urne";"Kreuznach";96094;1410;30763;0;26459;6968;5927;9066;12025;1;32
"403";2017;202;"Brief";"Bitburg";37936;310;17392;0;7683;2067;2337;4150;2593;1;45,8
"404";2017;202;"Urne";"Bitburg";88943;1521;38199;0;19572;5366;5373;8738;7465;1;42,9
"405";2017;203;"Brief";"Trier";52106;388;20962;0;12050;3763;4719;5214;3257;1;40,2
"406";2017;203;"Urne";"Trier";99445;1282;34920;0;24900;9171;8793;8627;8669;1;35,1
"407";2017;204;"Brief";"Montabaur";55817;354;23612;0;12667;2781;3228;6079;4927;1;42,3
"408";2017;204;"Urne";"Montabaur";107703;1407;36982;0;27239;6795;6830;11624;12899;1;34,3
"409";2017;205;"Brief";"Mainz";77072;435;28186;0;16113;5548;9591;9016;5117;1;36,6
"410";2017;205;"Urne";"Mainz";125462;1220;37527;0;28090;11600;16824;13592;11418;1;29,9
"411";2017;206;"Brief";"Worms";58197;528;21164;0;14298;3023;4439;6315;6173;1;36,4
"412";2017;206;"Urne";"Worms";111596;1600;33557;0;28173;7788;9010;11228;15805;1;30,1
"413";2017;207;"Brief";"Ludwigshafen/Frankenthal";55692;578;19395;0;14037;3037;3677;5883;6659;1;34,8
"414";2017;207;"Urne";"Ludwigshafen/Frankenthal";106175;1832;29831;0;25785;7577;7944;10438;17982;1;28,1
"415";2017;208;"Brief";"Neustadt – Speyer";68531;525;27015;0;14293;3335;5583;7881;6672;1;39,4
"416";2017;208;"Urne";"Neustadt – Speyer";107894;1563;34392;0;23601;7202;9806;11370;15398;1;31,9
"417";2017;209;"Brief";"Kaiserslautern";54928;535;17728;0;14962;3710;3655;5430;5796;1;32,3
"418";2017;209;"Urne";"Kaiserslautern";117388;2017;31672;0;33024;9838;7705;10089;17410;3;28,1
"419";2017;210;"Brief";"Pirmasens";45255;510;18267;0;10610;2658;1959;4245;4830;1;40,4
"420";2017;210;"Urne";"Pirmasens";89810;1839;29188;0;22184;6853;4197;7558;13822;1;32,5
"421";2017;211;"Brief";"Südpfalz";62256;484;24129;0;13024;3332;5121;6451;7000;1;38,8
"422";2017;211;"Urne";"Südpfalz";110113;1478;35180;0;24269;7643;9667;11109;16191;1;31,9
"423";2017;212;"Brief";"Altötting";44142;155;0;19998;5289;2018;3121;4162;5482;2;45,3
"424";2017;212;"Urne";"Altötting";82644;721;0;35419;10222;4641;5487;7047;12848;2;42,9
"425";2017;213;"Brief";"Erding – Ebersberg";60409;179;0;24469;6897;2722;6294;7288;6609;2;40,5
"426";2017;213;"Urne";"Erding – Ebersberg";102948;576;0;39056;13046;5630;11474;12119;12757;2;37,9
"427";2017;214;"Brief";"Freising";72855;234;0;30274;8322;3342;6861;7598;8986;2;41,6
"428";2017;214;"Urne";"Freising";113792;781;0;43376;14707;6164;11175;11710;16192;2;38,1
"429";2017;215;"Brief";"Fürstenfeldbruck";69747;185;0;29414;8790;3033;7320;8210;7094;2;42,2
"430";2017;215;"Urne";"Fürstenfeldbruck";121022;737;0;46207;17139;6600;13566;13795;14840;2;38,2
"431";2017;216;"Brief";"Ingolstadt";67844;243;0;29501;8833;3023;5020;6634;8576;2;43,5
"432";2017;216;"Urne";"Ingolstadt";116215;971;0;46735;15591;6807;8185;10520;19097;2;40,2
"433";2017;217;"Brief";"München-Nord";74588;178;0;23525;11123;5146;12612;12568;5108;2;31,5
"434";2017;217;"Urne";"München-Nord";99608;490;0;26428;17780;9156;16722;13673;9874;2;26,5
"435";2017;218;"Brief";"München-Ost";79356;256;0;27082;11382;5026;12340;12903;5648;2;34,1
"436";2017;218;"Urne";"München-Ost";107557;489;0;31401;18362;9098;17526;14556;10311;2;29,2
"437";2017;219;"Brief";"München-Süd";72410;175;0;23634;10627;5438;12493;10272;5276;2;32,6
"438";2017;219;"Urne";"München-Süd";98073;484;0;27052;16873;9256;17067;12315;9302;2;27,6
"439";2017;220;"Brief";"München-West/Mitte";82424;248;0;26598;11957;6215;14828;12210;5352;2;32,3
"440";2017;220;"Urne";"München-West/Mitte";110975;530;0;30724;18660;10423;20777;14146;9543;2;27,7
"441";2017;221;"Brief";"München-Land";78994;221;0;31232;10245;3435;9446;12705;6524;2;39,5
"442";2017;221;"Urne";"München-Land";118271;679;0;41957;17245;6561;15391;17349;11946;2;35,5
"443";2017;222;"Brief";"Rosenheim";69051;238;0;28595;7239;3137;7049;8384;8205;2;41,4
"444";2017;222;"Urne";"Rosenheim";117441;797;0;46583;13728;6312;11522;11927;17492;2;39,7
"445";2017;223;"Brief";"Bad Tölz-Wolfratshausen – Miesbach";55257;213;0;23705;5668;2425;5436;7257;5608;2;42,9
"446";2017;223;"Urne";"Bad Tölz-Wolfratshausen – Miesbach";77355;582;0;31081;8789;4061;8169;9086;9783;2;40,2
"447";2017;224;"Brief";"Starnberg – Landsberg am Lech";67380;191;0;26915;7962;3168;8400;10323;5883;2;39,9
"448";2017;224;"Urne";"Starnberg – Landsberg am Lech";109633;556;0;40597;14370;6426;14711;14627;11577;2;37
"449";2017;225;"Brief";"Traunstein";61169;222;0;28295;6789;2830;5782;5779;6348;2;46,3
"450";2017;225;"Urne";"Traunstein";99446;824;0;42901;12127;5678;8898;8835;12843;2;43,1
"451";2017;226;"Brief";"Weilheim";55776;212;0;24894;5909;2582;5069;6220;6120;2;44,6
"452";2017;226;"Urne";"Weilheim";78557;554;0;32360;9493;4632;7684;7689;10025;2;41,2
"453";2017;227;"Brief";"Deggendorf";50265;161;0;20444;6980;2132;2286;3820;9173;2;40,7
"454";2017;227;"Urne";"Deggendorf";69190;540;0;27738;9935;3760;3242;5148;13592;2;40,1
"455";2017;228;"Brief";"Landshut";73140;200;0;29813;8782;3073;5275;7518;9411;2;40,8
"456";2017;228;"Urne";"Landshut";119826;1066;0;45708;16313;6197;8581;11843;18650;2;38,1
"457";2017;229;"Brief";"Passau";58320;194;0;24345;8364;2867;3659;5588;8603;2;41,7
"458";2017;229;"Urne";"Passau";73030;585;0;28592;11345;4490;4734;6330;12364;2;39,2
"459";2017;230;"Brief";"Rottal-Inn";46088;151;0;19857;5578;1882;2456;4375;6837;2;43,1
"460";2017;230;"Urne";"Rottal-Inn";78211;643;0;32895;10187;3628;4022;6840;13564;2;42,1
"461";2017;231;"Brief";"Straubing";50944;207;0;22306;6445;1924;2247;4019;8253;2;43,8
"462";2017;231;"Urne";"Straubing";78480;1008;0;31406;11067;3666;3599;6289;15323;2;40
"463";2017;232;"Brief";"Amberg";59019;250;0;26353;8379;2605;4133;4599;6483;2;44,7
"464";2017;232;"Urne";"Amberg";110488;1052;0;45367;17701;6343;7864;8255;15067;2;41,1
"465";2017;233;"Brief";"Regensburg";75451;228;0;30091;10171;4305;7819;7127;8107;2;39,9
"466";2017;233;"Urne";"Regensburg";123329;891;0;44629;18411;8954;12513;10592;17518;2;36,2
"467";2017;234;"Brief";"Schwandorf";67948;312;0;28359;10607;2780;2864;4407;11220;2;41,7
"468";2017;234;"Urne";"Schwandorf";94601;956;0;38468;15515;4559;4438;6201;16786;2;40,7
"469";2017;235;"Brief";"Weiden";51057;242;0;22258;9546;2121;2380;3409;6191;2;43,6
"470";2017;235;"Urne";"Weiden";79457;930;0;33433;15085;4083;4046;5070;11220;2;42,1
"471";2017;236;"Brief";"Bamberg";55697;203;0;23256;8038;3080;5210;5505;6209;2;41,8
"472";2017;236;"Urne";"Bamberg";89525;598;0;32882;14491;6271;9069;8271;12183;2;36,7
"473";2017;237;"Brief";"Bayreuth";44788;147;0;19486;7581;2128;3565;4472;4149;2;43,5
"474";2017;237;"Urne";"Bayreuth";82434;546;0;33577;15617;4894;6429;6897;9417;2;40,7
"475";2017;238;"Brief";"Coburg";35947;164;0;15217;7538;1722;2578;3254;3275;2;42,3
"476";2017;238;"Urne";"Coburg";87253;857;0;33193;20015;5173;5577;6713;10933;2;38
"477";2017;239;"Brief";"Hof";40557;183;0;17071;8365;1892;2289;3304;4613;2;42,1
"478";2017;239;"Urne";"Hof";86361;943;0;31701;19410;5293;4700;6586;11992;2;36,7
"479";2017;240;"Brief";"Kulmbach";49312;193;0;22573;8223;1945;2743;3953;5833;2;45,8
"480";2017;240;"Urne";"Kulmbach";85760;967;0;35539;15452;4486;5223;6382;12164;2;41,4
"481";2017;241;"Brief";"Ansbach";63273;218;0;26433;10518;3560;5583;5108;6472;2;41,8
"482";2017;241;"Urne";"Ansbach";122682;1319;0;47992;20946;8648;10656;8717;15262;2;39,1
"483";2017;242;"Brief";"Erlangen";54573;148;0;20611;9005;3531;7171;5889;4444;2;37,8
"484";2017;242;"Urne";"Erlangen";93475;528;0;31803;16573;7584;12691;9084;9509;2;34
"485";2017;243;"Brief";"Fürth";63581;243;0;24196;11444;4098;6377;5950;6376;2;38,1
"486";2017;243;"Urne";"Fürth";135161;1155;0;45276;25645;11344;14163;11595;16657;2;33,5
"487";2017;244;"Brief";"Nürnberg-Nord";53205;202;0;16196;8862;5214;8079;6401;4402;2;30,4
"488";2017;244;"Urne";"Nürnberg-Nord";93000;700;0;23910;17594;11748;13830;9011;10101;2;25,7
"489";2017;245;"Brief";"Nürnberg-Süd";41817;208;0;14416;8434;2891;3976;4003;4820;2;34,5
"490";2017;245;"Urne";"Nürnberg-Süd";90268;899;0;26466;19033;8749;8190;7196;13859;2;29,3
"491";2017;246;"Brief";"Roth";65143;265;0;25929;11527;3510;6152;5902;6582;2;39,8
"492";2017;246;"Urne";"Roth";120752;1076;0;43814;22513;8125;11881;10088;14735;2;36,3
"493";2017;247;"Brief";"Aschaffenburg";48619;299;0;20299;8184;2422;4302;5538;4467;2;41,8
"494";2017;247;"Urne";"Aschaffenburg";96319;1209;0;34710;17014;6277;9130;10072;12175;2;36
"495";2017;248;"Brief";"Bad Kissingen";65113;292;0;30364;9761;3168;4353;5903;6656;2;46,6
"496";2017;248;"Urne";"Bad Kissingen";106089;1008;0;45424;17143;6917;7006;9181;12994;2;42,8
"497";2017;249;"Brief";"Main-Spessart";63356;396;0;28365;11060;2816;4572;5640;5701;2;44,8
"498";2017;249;"Urne";"Main-Spessart";93850;842;0;36880;17843;5746;7367;8080;11155;2;39,3
"499";2017;250;"Brief";"Schweinfurt";53370;252;0;23523;8608;2928;4054;4978;5289;2;44,1
"500";2017;250;"Urne";"Schweinfurt";102789;966;0;40151;17555;7494;7663;8811;13616;2;39,1
"501";2017;251;"Brief";"Würzburg";83553;337;0;33374;14113;4978;10580;8876;6003;2;39,9
"502";2017;251;"Urne";"Würzburg";99408;717;0;34211;18013;7953;13139;9937;9761;2;34,4
"503";2017;252;"Brief";"Augsburg-Stadt";44298;136;0;15411;6318;3443;5947;4957;4606;2;34,8
"504";2017;252;"Urne";"Augsburg-Stadt";108930;1038;0;33009;17794;10206;12835;10192;16409;2;30,3
"505";2017;253;"Brief";"Augsburg-Land";63373;231;0;27147;7495;2717;5457;6872;7648;2;42,8
"506";2017;253;"Urne";"Augsburg-Land";135704;1000;0;54684;17745;7020;11990;13693;19397;2;40,3
"507";2017;254;"Brief";"Donau-Ries";51570;185;0;22805;6785;2053;3397;5058;6779;2;44,2
"508";2017;254;"Urne";"Donau-Ries";96255;815;0;40833;13504;4634;6705;8382;14806;2;42,4
"509";2017;255;"Brief";"Neu-Ulm";60367;229;0;25036;7912;2672;5102;6565;7761;2;41,5
"510";2017;255;"Urne";"Neu-Ulm";121678;1041;0;47068;16916;6602;9796;12062;19566;2;38,7
"511";2017;256;"Brief";"Oberallgäu";64874;221;0;28145;7258;3075;7421;7734;5630;2;43,4
"512";2017;256;"Urne";"Oberallgäu";111563;871;0;44710;14467;7055;12371;11201;12899;2;40,1
"513";2017;257;"Brief";"Ostallgäu";63297;208;0;27581;7254;3004;5459;7272;7058;2;43,6
"514";2017;257;"Urne";"Ostallgäu";128284;1204;0;52351;15790;7383;10755;12626;18326;2;40,8
"515";2017;258;"Brief";"Stuttgart I";61245;213;19650;0;7841;4771;12050;10711;3507;1;32,1
"516";2017;258;"Urne";"Stuttgart I";99589;636;26593;0;15509;10059;19233;15492;7948;1;26,7
"517";2017;259;"Brief";"Stuttgart II";43374;171;14052;0;6425;3229;7226;6529;3712;1;32,4
"518";2017;259;"Urne";"Stuttgart II";95806;982;26057;0;17033;9324;13845;12681;11187;1;27,2
"519";2017;260;"Brief";"Böblingen";52879;235;20252;0;7485;2439;6933;8522;5007;1;38,3
"520";2017;260;"Urne";"Böblingen";143678;1422;48739;0;22811;7995;17813;20988;17867;1;33,9
"521";2017;261;"Brief";"Esslingen";40043;176;14626;0;6074;2181;5915;5878;3488;1;36,5
"522";2017;261;"Urne";"Esslingen";95436;918;30122;0;16505;6180;13650;12634;11204;1;31,6
"523";2017;262;"Brief";"Nürtingen";47531;238;17275;0;6492;2345;6893;7381;5002;1;36,3
"524";2017;262;"Urne";"Nürtingen";120521;1205;38830;0;18698;6787;16780;17541;15542;1;32,2
"525";2017;263;"Brief";"Göppingen";35173;221;12815;0;5757;1467;4460;4678;4379;1;36,4
"526";2017;263;"Urne";"Göppingen";102412;1416;32475;0;18167;5415;12289;12510;15577;1;31,7
"527";2017;264;"Brief";"Waiblingen";46746;217;16564;0;6994;2259;5844;7813;5128;1;35,4
"528";2017;264;"Urne";"Waiblingen";131594;1230;41808;0;21152;7622;15695;20804;17742;1;31,8
"529";2017;265;"Brief";"Ludwigsburg";50771;204;18265;0;7706;2579;7124;7831;4897;1;36
"530";2017;265;"Urne";"Ludwigsburg";124533;1113;39738;0;20841;7872;16876;17707;14883;1;31,9
"531";2017;266;"Brief";"Neckar-Zaber";49389;240;17354;0;7587;2318;6613;7525;5721;1;35,1
"532";2017;266;"Urne";"Neckar-Zaber";136973;1285;43544;0;22885;7401;17669;19620;18491;1;31,8
"533";2017;267;"Brief";"Heilbronn";43332;257;15284;0;7203;2097;4824;6144;5532;1;35,3
"534";2017;267;"Urne";"Heilbronn";142373;2162;43471;0;25286;8423;14192;17728;24557;1;30,5
"535";2017;268;"Brief";"Schwäbisch Hall – Hohenlohe";34466;183;12266;0;5343;1929;4685;4555;3926;1;35,6
"536";2017;268;"Urne";"Schwäbisch Hall – Hohenlohe";137294;1782;45949;0;22129;7665;15827;17074;20901;1;33,5
"537";2017;269;"Brief";"Backnang – Schwäbisch Gmünd";34169;181;12727;0;5290;1828;4233;4437;4030;1;37,2
"538";2017;269;"Urne";"Backnang – Schwäbisch Gmünd";102548;1225;34861;0;17008;6171;11249;12280;15408;1;34
"539";2017;270;"Brief";"Aalen – Heidenheim";40880;225;16272;0;7111;1918;4899;4726;4117;1;39,8
"540";2017;270;"Urne";"Aalen – Heidenheim";129311;1750;47945;0;24230;7315;13528;12981;16499;1;37,1
"541";2017;271;"Brief";"Karlsruhe-Stadt";52624;191;16374;0;8146;4234;10175;6925;4060;1;31,1
"542";2017;271;"Urne";"Karlsruhe-Stadt";109515;1037;28402;0;18898;11218;19233;12326;12681;1;25,9
"543";2017;272;"Brief";"Karlsruhe-Land";47035;258;17667;0;7632;2265;5624;6356;5131;1;37,6
"544";2017;272;"Urne";"Karlsruhe-Land";121766;1417;41470;0;20959;6854;14865;15085;15756;1;34,1
"545";2017;273;"Brief";"Rastatt";41972;262;17023;0;6681;1912;5077;5147;4163;1;40,6
"546";2017;273;"Urne";"Rastatt";115236;1698;41775;0;19693;6457;12689;12700;15538;1;36,3
"547";2017;274;"Brief";"Heidelberg";55233;225;18025;0;9279;4135;9742;7469;4240;1;32,6
"548";2017;274;"Urne";"Heidelberg";123905;1081;35113;0;23527;10677;20749;15087;12610;1;28,3
"549";2017;275;"Brief";"Mannheim";45496;232;14244;0;9125;3392;6315;5781;4301;1;31,3
"550";2017;275;"Urne";"Mannheim";98582;1123;24502;0;21184;9597;12488;10269;14008;1;24,9
"551";2017;276;"Brief";"Odenwald – Tauber";35840;205;14749;0;5779;1777;3284;4195;4135;1;41,2
"552";2017;276;"Urne";"Odenwald – Tauber";127499;1909;49459;0;21396;7130;10358;13369;18154;1;38,8
"553";2017;277;"Brief";"Rhein-Neckar";40151;287;14634;0;6927;2118;4745;5063;4639;1;36,4
"554";2017;277;"Urne";"Rhein-Neckar";116251;1461;37163;0;21559;7620;12942;13870;16303;1;32
"555";2017;278;"Brief";"Bruchsal – Schwetzingen";42937;362;16524;0;7061;2006;4126;5224;5426;1;38,5
"556";2017;278;"Urne";"Bruchsal – Schwetzingen";111685;1570;36623;0;19499;6668;11374;12956;17368;1;32,8
"557";2017;279;"Brief";"Pforzheim";45901;246;16705;0;7030;2093;5186;6753;5785;1;36,4
"558";2017;279;"Urne";"Pforzheim";122076;1651;37659;0;20071;6859;12683;15890;21322;1;30,8
"559";2017;280;"Brief";"Calw";38419;178;14919;0;5236;1754;4234;5831;4672;1;38,8
"560";2017;280;"Urne";"Calw";115044;1680;41411;0;16596;6005;10755;15815;18043;1;36
"561";2017;281;"Brief";"Freiburg";60627;200;18134;0;9506;6246;13765;6073;3721;1;29,9
"562";2017;281;"Urne";"Freiburg";120227;1119;32289;0;21946;13922;24237;10652;10382;1;26,9
"563";2017;282;"Brief";"Lörrach – Müllheim";48936;227;17945;0;7888;2551;7978;5928;4295;1;36,7
"564";2017;282;"Urne";"Lörrach – Müllheim";128463;1468;42568;0;23361;8347;19036;13521;14164;1;33,1
"565";2017;283;"Brief";"Emmendingen – Lahr";40785;191;14998;0;6690;2193;6261;4700;3761;1;36,8
"566";2017;283;"Urne";"Emmendingen – Lahr";127683;1833;44786;0;23048;7395;16545;12926;15378;1;35,1
"567";2017;284;"Brief";"Offenburg";37872;193;14332;0;6065;1901;5507;4523;3606;1;37,8
"568";2017;284;"Urne";"Offenburg";117852;1882;42701;0;19341;6510;15713;12417;14194;1;36,2
"569";2017;285;"Brief";"Rottweil – Tuttlingen";37809;165;15298;0;5085;1555;4370;5276;4187;1;40,5
"570";2017;285;"Urne";"Rottweil – Tuttlingen";114192;1786;41762;0;16815;5586;10959;15052;16755;1;36,6
"571";2017;286;"Brief";"Schwarzwald-Baar";33128;168;13279;0;4840;1574;4380;4335;3121;1;40,1
"572";2017;286;"Urne";"Schwarzwald-Baar";92216;1447;33533;0;14497;5034;10733;10789;12229;1;36,4
"573";2017;287;"Brief";"Konstanz";48497;241;16893;0;6910;3107;8579;6933;3804;1;34,8
"574";2017;287;"Urne";"Konstanz";110364;1237;35301;0;17619;8199;16623;13825;12411;1;32
"575";2017;288;"Brief";"Waldshut";36402;173;14346;0;5626;1810;5568;4178;3076;1;39,4
"576";2017;288;"Urne";"Waldshut";100193;1293;38720;0;16496;5559;13274;10469;10223;1;38,6
"577";2017;289;"Brief";"Reutlingen";42093;170;15349;0;5856;2219;6281;6156;4482;1;36,5
"578";2017;289;"Urne";"Reutlingen";115549;1413;38524;0;17465;7324;15414;15269;15689;1;33,3
"579";2017;290;"Brief";"Tübingen";45506;165;14491;0;6720;4006;9066;5508;3615;1;31,8
"580";2017;290;"Urne";"Tübingen";114295;1226;34337;0;18145;11090;19455;13210;12272;1;30
"581";2017;291;"Brief";"Ulm";46557;190;17170;0;7050;2343;7241;5895;4477;1;36,9
"582";2017;291;"Urne";"Ulm";130903;1407;47818;0;20839;7633;16919;14382;15955;1;36,5
"583";2017;292;"Brief";"Biberach";31196;125;13382;0;3925;1338;3868;3707;3230;1;42,9
"584";2017;292;"Urne";"Biberach";100497;1293;42780;0;12632;4659;10861;10614;13006;1;42,6
"585";2017;293;"Brief";"Bodensee";38721;139;14843;0;5122;2071;6171;5506;3262;1;38,3
"586";2017;293;"Urne";"Bodensee";98425;1056;35585;0;14199;6245;13844;12448;10902;1;36,2
"587";2017;294;"Brief";"Ravensburg";38235;168;15113;0;4734;2109;6434;4567;3182;1;39,5
"588";2017;294;"Urne";"Ravensburg";107939;1219;41151;0;14664;6780;15336;11874;11719;1;38,1
"589";2017;295;"Brief";"Zollernalb – Sigmaringen";32404;179;12874;0;4144;1387;3975;4658;3798;1;39,7
"590";2017;295;"Urne";"Zollernalb – Sigmaringen";107144;1642;39410;0;15302;5674;11823;13736;15016;1;36,8
"591";2017;296;"Brief";"Saarbrücken";41796;441;14204;0;10788;4878;3068;3736;3079;1;34
"592";2017;296;"Urne";"Saarbrücken";105806;1731;27190;0;27534;16791;8680;8017;10963;3;26
"593";2017;297;"Brief";"Saarlouis";36965;490;14243;0;9586;3691;1827;2884;3028;1;38,5
"594";2017;297;"Urne";"Saarlouis";123465;2335;38738;0;32890;16629;6771;9175;12478;1;31,4
"595";2017;298;"Brief";"St. Wendel";36671;588;15257;0;9698;3313;1506;2461;2623;1;41,6
"596";2017;298;"Urne";"St. Wendel";104716;2101;35403;0;28670;12373;5156;7108;10004;1;33,8
"597";2017;299;"Brief";"Homburg";38937;536;14331;0;10544;3645;2053;3094;3437;1;36,8
"598";2017;299;"Urne";"Homburg";107055;1931;30207;0;29185;14128;6056;8002;13308;1;28,2
"599";2021;1;"Brief";"Flensburg – Schleswig";52414;221;10859;0;12607;2077;11910;5745;2024;3;24,1
"600";2021;1;"Urne";"Flensburg – Schleswig";127698;1266;25562;0;32901;5398;21390;13444;8293;3;25,8
"601";2021;2;"Brief";"Nordfriesland – Dithmarschen Nord";47684;266;11155;0;12049;1491;9306;6027;2096;3;25,3
"602";2021;2;"Urne";"Nordfriesland – Dithmarschen Nord";97703;976;24356;0;25877;2946;13282;12323;6702;3;26,5
"603";2021;3;"Brief";"Steinburg – Dithmarschen Süd";37486;202;8990;0;10133;1280;6392;5068;2272;3;27
"604";2021;3;"Urne";"Steinburg – Dithmarschen Süd";98813;988;23852;0;27335;3244;12845;13424;9031;3;27,7
"605";2021;4;"Brief";"Rendsburg-Eckernförde";50092;204;12046;0;12603;1595;10651;6173;2296;3;25,2
"606";2021;4;"Urne";"Rendsburg-Eckernförde";111968;901;26471;0;30545;3568;18177;13149;8268;3;27,3
"607";2021;5;"Brief";"Kiel";62095;190;10124;0;15208;3357;19799;6504;2001;5;31,9
"608";2021;5;"Urne";"Kiel";93891;728;13796;0;25130;6073;24290;9606;5653;3;26,8
"609";2021;6;"Brief";"Plön – Neumünster";42889;254;9988;0;12229;1271;8550;5117;2110;3;28,5
"610";2021;6;"Urne";"Plön – Neumünster";90832;940;20302;0;26441;2961;14501;10784;7631;3;29,1
"611";2021;7;"Brief";"Pinneberg";68635;391;15372;0;19822;2116;13635;9420;3276;3;28,9
"612";2021;7;"Urne";"Pinneberg";122877;851;26685;0;35871;4247;20656;16243;9804;3;29,2
"613";2021;8;"Brief";"Segeberg – Stormarn-Mitte";66746;256;14704;0;19427;2090;12857;9188;3189;3;29,1
"614";2021;8;"Urne";"Segeberg – Stormarn-Mitte";132872;1097;29581;0;37231;4378;20504;18487;11338;3;28
"615";2021;9;"Brief";"Ostholstein – Stormarn-Nord";47837;239;12281;0;13866;1258;8605;6090;2475;3;29
"616";2021;9;"Urne";"Ostholstein – Stormarn-Nord";95255;887;23283;0;28654;2778;13709;11896;7598;3;30,1
"617";2021;10;"Brief";"Herzogtum Lauenburg – Stormarn-Süd";67911;240;15701;0;19452;2136;12720;9718;3626;3;28,6
"618";2021;10;"Urne";"Herzogtum Lauenburg – Stormarn-Süd";128992;1076;29663;0;36970;4189;19755;18007;11056;3;28,7
"619";2021;11;"Brief";"Lübeck";44929;253;8471;0;13101;1947;11673;4530;1950;3;29,2
"620";2021;11;"Urne";"Lübeck";86526;965;15157;0;26603;3838;17556;9096;6877;3;30,7
"621";2021;12;"Brief";"Schwerin – Ludwigslust-Parchim I – Nordwestmecklenburg I";54441;436;9416;0;17890;6902;5521;4791;5488;3;32,9
"622";2021;12;"Urne";"Schwerin – Ludwigslust-Parchim I – Nordwestmecklenburg I";102124;1966;16967;0;31381;9702;6898;8451;18697;3;30,7
"623";2021;13;"Brief";"Ludwigslust-Parchim II – Nordwestmecklenburg II – Landkreis Rostock I";49321;332;8668;0;16619;5841;4299;4142;5634;3;33,7
"624";2021;13;"Urne";"Ludwigslust-Parchim II – Nordwestmecklenburg II – Landkreis Rostock I";97041;1926;15953;0;30227;9138;5848;7496;19039;3;31,1
"625";2021;14;"Brief";"Rostock – Landkreis Rostock II";65767;507;9150;0;19340;9349;10232;6102;5310;3;29,4
"626";2021;14;"Urne";"Rostock – Landkreis Rostock II";99562;1845;13953;0;27940;12142;10709;8750;15348;3;28,1
"627";2021;15;"Brief";"Vorpommern-Rügen – Vorpommern-Greifswald I";57799;499;10606;0;14871;7600;6805;5281;7027;3;25,7
"628";2021;15;"Urne";"Vorpommern-Rügen – Vorpommern-Greifswald I";111123;2644;20304;0;26712;11257;7849;8495;24276;3;24
"629";2021;16;"Brief";"Mecklenburgische Seenplatte I – Vorpommern-Greifswald II";50535;562;10040;0;14159;6194;2889;4388;7916;3;28
"630";2021;16;"Urne";"Mecklenburgische Seenplatte I – Vorpommern-Greifswald II";103705;2640;18644;0;26180;9176;3727;7050;27186;7;26,2
"631";2021;17;"Brief";"Mecklenburgische Seenplatte II – Landkreis Rostock III";48174;498;9355;0;15035;5842;3065;3785;6924;3;31,2
"632";2021;17;"Urne";"Mecklenburgische Seenplatte II – Landkreis Rostock III";95448;2326;17047;0;27014;8592;4114;6824;22497;3;28,3
"633";2021;18;"Brief";"Hamburg-Mitte";89006;326;10403;0;24319;7030;27587;9809;3167;5;31
"634";2021;18;"Urne";"Hamburg-Mitte";90631;756;9579;0;26851;8563;22204;8914;5933;3;29,6
"635";2021;19;"Brief";"Hamburg-Altona";81405;223;13316;0;20274;6505;25473;9218;1890;5;31,3
"636";2021;19;"Urne";"Hamburg-Altona";71315;402;9162;0;18591;7162;20689;7325;3146;5;29
"637";2021;20;"Brief";"Hamburg-Eimsbüttel";86835;242;13982;0;23747;5331;26986;10093;2177;5;31,1
"638";2021;20;"Urne";"Hamburg-Eimsbüttel";74135;363;9861;0;21164;5516;20997;8097;3485;3;28,5
"639";2021;21;"Brief";"Hamburg-Nord";102372;310;20657;0;28295;4381;26079;14668;2749;3;27,6
"640";2021;21;"Urne";"Hamburg-Nord";83085;456;13730;0;23280;4360;20452;11579;4062;3;28
"641";2021;22;"Brief";"Hamburg-Wandsbek";87218;387;15778;0;30164;4148;16888;9795;4139;3;34,6
"642";2021;22;"Urne";"Hamburg-Wandsbek";86796;806;13325;0;29134;4704;15246;9430;7151;3;33,6
"643";2021;23;"Brief";"Hamburg-Bergedorf – Harburg";71551;336;12474;0;24585;4069;13825;7178;3900;3;34,4
"644";2021;23;"Urne";"Hamburg-Bergedorf – Harburg";86695;893;12953;0;27938;5809;14106;8496;8738;3;32,2
"645";2021;24;"Brief";"Aurich – Emden";40548;276;7807;0;16614;1373;6214;3610;2308;3;41
"646";2021;24;"Urne";"Aurich – Emden";97299;1377;16259;0;42424;3298;11454;8503;8865;3;43,6
"647";2021;25;"Brief";"Unterems";49849;314;14833;0;17075;1324;6407;4571;2939;3;34,3
"648";2021;25;"Urne";"Unterems";125977;1236;37234;0;42154;3326;12169;13100;11309;3;33,5
"649";2021;26;"Brief";"Friesland – Wilhelmshaven – Wittmund";41231;254;9509;0;15363;1215;6016;4101;2352;3;37,3
"650";2021;26;"Urne";"Friesland – Wilhelmshaven – Wittmund";92933;980;19026;0;35085;2907;11004;9773;8599;3;37,8
"651";2021;27;"Brief";"Oldenburg – Ammerland";63525;215;12043;0;19530;2862;16869;6502;2097;3;30,7
"652";2021;27;"Urne";"Oldenburg – Ammerland";110200;960;20057;0;35701;5482;24050;11172;6806;3;32,4
"653";2021;28;"Brief";"Delmenhorst – Wesermarsch – Oldenburg-Land";48230;233;10963;0;16555;1438;8387;5599;2424;3;34,3
"654";2021;28;"Urne";"Delmenhorst – Wesermarsch – Oldenburg-Land";115523;1362;25686;0;39066;3608;15586;12972;10563;3;33,8
"655";2021;29;"Brief";"Cuxhaven – Stade II";41932;221;10959;0;14599;1079;6218;4042;2347;3;34,8
"656";2021;29;"Urne";"Cuxhaven – Stade II";98807;802;25627;0;34259;2593;11335;10010;8653;3;34,7
"657";2021;30;"Brief";"Stade I – Rotenburg II";48963;187;12784;0;15956;1361;8403;5045;2438;3;32,6
"658";2021;30;"Urne";"Stade I – Rotenburg II";102858;748;27185;0;32345;2940;13688;11675;8564;3;31,4
"659";2021;31;"Brief";"Mittelems";46945;183;15647;0;14051;1086;7218;5303;1696;1;33,3
"660";2021;31;"Urne";"Mittelems";133598;921;45086;0;41410;2883;15297;15798;7539;1;33,7
"661";2021;32;"Brief";"Cloppenburg – Vechta";43567;195;17353;0;10428;898;5845;5092;2009;1;39,8
"662";2021;32;"Urne";"Cloppenburg – Vechta";120940;960;45484;0;29784;2651;12248;14655;10763;1;37,6
"663";2021;33;"Brief";"Diepholz – Nienburg I";46160;213;12006;0;15132;1177;7581;5443;2227;3;32,8
"664";2021;33;"Urne";"Diepholz – Nienburg I";100794;769;24909;0;33064;2743;13558;12185;8145;3;32,8
"665";2021;34;"Brief";"Osterholz – Verden";50885;235;12460;0;17068;1723;9342;4947;2334;3;33,5
"666";2021;34;"Urne";"Osterholz – Verden";100423;854;23723;0;32362;3530;14841;10706;8995;3;32,2
"667";2021;35;"Brief";"Rotenburg I – Heidekreis";40198;201;9912;0;14365;1040;6522;3740;2132;3;35,7
"668";2021;35;"Urne";"Rotenburg I – Heidekreis";84902;695;21207;0;28831;2496;10335;8786;7813;3;34
"669";2021;36;"Brief";"Harburg";57543;213;14593;0;16740;1575;10451;7243;2907;3;29,1
"670";2021;36;"Urne";"Harburg";104092;680;25257;0;30025;3107;16326;13183;8764;3;28,8
"671";2021;37;"Brief";"Lüchow-Dannenberg – Lüneburg";50860;202;10772;0;14617;2356;12840;4635;2256;3;28,7
"672";2021;37;"Urne";"Lüchow-Dannenberg – Lüneburg";88323;875;18260;0;26645;3972;17745;8606;6889;3;30,2
"673";2021;38;"Brief";"Osnabrück-Land";46633;233;14112;0;14824;1106;7696;4887;1826;3;31,8
"674";2021;38;"Urne";"Osnabrück-Land";105204;1146;28752;0;33528;2764;14464;11766;8243;3;31,9
"675";2021;39;"Brief";"Stadt Osnabrück";58143;176;14054;0;16718;2207;15326;5652;1581;3;28,8
"676";2021;39;"Urne";"Stadt Osnabrück";91398;855;20408;0;28201;4017;19220;8975;5322;3;30,9
"677";2021;40;"Brief";"Nienburg II – Schaumburg";46641;217;11584;0;16635;1097;7408;4443;2816;3;35,7
"678";2021;40;"Urne";"Nienburg II – Schaumburg";96254;886;22384;0;32918;2745;12560;9770;9618;3;34,2
"679";2021;41;"Brief";"Stadt Hannover I";51317;248;9621;0;14972;2110;14245;5516;1903;3;29,2
"680";2021;41;"Urne";"Stadt Hannover I";77577;1060;13789;0;24539;3658;16115;7766;5774;3;31,6
"681";2021;42;"Brief";"Stadt Hannover II";58506;217;9573;0;15517;3302;19152;5781;1664;5;32,7
"682";2021;42;"Urne";"Stadt Hannover II";85206;1045;12964;0;24599;5529;22824;7507;5089;3;28,9
"683";2021;43;"Brief";"Hannover-Land I";63598;374;17421;0;20201;1475;10619;7035;3348;3;31,8
"684";2021;43;"Urne";"Hannover-Land I";110983;1505;27108;0;35263;3029;15600;12515;9947;3;31,8
"685";2021;44;"Brief";"Celle – Uelzen";53805;282;14319;0;16740;1472;8834;5921;3307;3;31,1
"686";2021;44;"Urne";"Celle – Uelzen";104217;910;26674;0;31592;3208;13048;12069;11116;3;30,3
"687";2021;45;"Brief";"Gifhorn – Peine";53418;258;12381;0;19772;1292;8282;5035;3355;3;37
"688";2021;45;"Urne";"Gifhorn – Peine";113174;1504;25458;0;39074;2855;13678;11203;12693;3;34,5
"689";2021;46;"Brief";"Hameln-Pyrmont – Holzminden";47307;303;11241;0;17483;1243;7039;4665;2891;3;37
"690";2021;46;"Urne";"Hameln-Pyrmont – Holzminden";85586;981;18568;0;30955;2491;10235;8959;8699;3;36,2
"691";2021;47;"Brief";"Hannover-Land II";66622;448;16033;0;23502;1546;11715;6422;3489;3;35,3
"692";2021;47;"Urne";"Hannover-Land II";114580;1662;24579;0;38522;3448;17486;11898;10361;3;33,6
"693";2021;48;"Brief";"Hildesheim";55266;318;13457;0;18698;1676;10548;5075;2711;3;33,8
"694";2021;48;"Urne";"Hildesheim";106419;1589;23047;0;36741;3632;16017;10322;9450;3;34,5
"695";2021;49;"Brief";"Salzgitter – Wolfenbüttel";47387;262;11827;0;17177;1319;6980;4286;2923;3;36,2
"696";2021;49;"Urne";"Salzgitter – Wolfenbüttel";99831;1234;21626;0;36234;3159;11125;9177;11492;3;36,3
"697";2021;50;"Brief";"Braunschweig";59233;206;11510;0;17374;2528;15942;5990;2095;3;29,3
"698";2021;50;"Urne";"Braunschweig";81574;1307;14419;0;25003;3827;17459;8056;6143;3;30,7
"699";2021;51;"Brief";"Helmstedt – Wolfsburg";44472;238;11177;0;15947;1112;6288;4352;2745;3;35,9
"700";2021;51;"Urne";"Helmstedt – Wolfsburg";86199;1229;20650;0;29467;2384;9193;8721;9496;3;34,2
"701";2021;52;"Brief";"Goslar – Northeim – Osterode";50531;285;12821;0;18900;1444;6815;4822;2842;3;37,4
"702";2021;52;"Urne";"Goslar – Northeim – Osterode";93080;1011;20793;0;34976;2807;10303;9417;8977;3;37,6
"703";2021;53;"Brief";"Göttingen";60770;295;13648;0;18698;2917;13857;5971;2364;3;30,8
"704";2021;53;"Urne";"Göttingen";101106;1276;20940;0;32482;5215;18591;9667;7421;3;32,1
"705";2021;54;"Brief";"Bremen I";93469;282;17613;0;26969;7447;24033;9184;3006;3;28,9
"706";2021;54;"Urne";"Bremen I";92839;789;14762;0;26456;8292;20381;9212;6829;3;28,5
"707";2021;55;"Brief";"Bremen II – Bremerhaven";58897;283;10700;0;20906;3729;11356;4787;3311;3;35,5
"708";2021;55;"Urne";"Bremen II – Bremerhaven";85226;1037;13424;0;28893;5884;12657;7298;9429;3;33,9
"709";2021;56;"Brief";"Prignitz – Ostprignitz-Ruppin – Havelland I";36125;212;5974;0;13173;3162;3062;2771;4539;3;36,5
"710";2021;56;"Urne";"Prignitz – Ostprignitz-Ruppin – Havelland I";86387;1292;13440;0;27990;6592;4615;6299;18682;3;32,4
"711";2021;57;"Brief";"Uckermark – Barnim I";43425;357;6723;0;14599;4503;3806;3635;5575;3;33,6
"712";2021;57;"Urne";"Uckermark – Barnim I";87540;1362;13095;0;25944;7114;5289;6787;20173;3;29,6
"713";2021;58;"Brief";"Oberhavel – Havelland II";74541;539;13421;0;22834;4964;9543;7817;7643;3;30,6
"714";2021;58;"Urne";"Oberhavel – Havelland II";120667;1581;19956;0;32359;7701;11120;11985;23150;3;26,8
"715";2021;59;"Brief";"Märkisch-Oderland – Barnim II";65362;552;9956;0;20076;7588;6038;5516;7752;3;30,7
"716";2021;59;"Urne";"Märkisch-Oderland – Barnim II";111703;2015;16298;0;28636;10416;7916;9423;24068;3;25,6
"717";2021;60;"Brief";"Brandenburg an der Havel – Potsdam-Mittelmark I – Havelland III – Teltow-Fläming I";47026;356;7251;0;16669;4174;4830;3895;4991;3;35,4
"718";2021;60;"Urne";"Brandenburg an der Havel – Potsdam-Mittelmark I – Havelland III – Teltow-Fläming I";100592;1683;15023;0;31754;7845;7381;8039;18854;3;31,6
"719";2021;61;"Brief";"Potsdam – Potsdam-Mittelmark II – Teltow-Fläming II";79683;453;11588;0;21898;8343;16611;8478;5083;3;27,5
"720";2021;61;"Urne";"Potsdam – Potsdam-Mittelmark II – Teltow-Fläming II";110864;1209;14699;0;29067;10767;19254;11732;13575;3;26,2
"721";2021;62;"Brief";"Dahme-Spreewald – Teltow-Fläming III – Oberspreewald-Lausitz I";67417;502;11597;0;20510;5786;6832;6749;7750;3;30,4
"722";2021;62;"Urne";"Dahme-Spreewald – Teltow-Fläming III – Oberspreewald-Lausitz I";127044;2229;19702;0;34140;9169;9324;12144;26661;3;26,9
"723";2021;63;"Brief";"Frankfurt (Oder) – Oder-Spree";45727;348;6559;0;15082;4927;3896;4080;5976;3;33
"724";2021;63;"Urne";"Frankfurt (Oder) – Oder-Spree";96687;1476;13331;0;26332;8509;6096;8359;22362;3;27,2
"725";2021;64;"Brief";"Cottbus – Spree-Neiße";46721;428;6764;0;15002;4153;3292;5339;7135;3;32,1
"726";2021;64;"Urne";"Cottbus – Spree-Neiße";81602;1340;10738;0;21096;5517;3647;8264;23594;7;28,9
"727";2021;65;"Brief";"Elbe-Elster – Oberspreewald-Lausitz II";34182;307;5478;0;10999;2776;1837;3350;5507;3;32,2
"728";2021;65;"Urne";"Elbe-Elster – Oberspreewald-Lausitz II";86169;1580;12298;0;22413;5756;3083;7764;24342;7;28,2
"729";2021;66;"Brief";"Altmark";29475;154;6227;0;8910;3119;2155;2716;3675;3;30,2
"730";2021;66;"Urne";"Altmark";79406;983;16340;0;20627;7262;3679;6680;16954;3;26
"731";2021;67;"Brief";"Börde – Jerichower Land";45849;236;10696;0;13634;4260;3035;4420;5735;3;29,7
"732";2021;67;"Urne";"Börde – Jerichower Land";102671;1321;22024;0;25409;8166;4232;9169;23869;3;24,7
"733";2021;68;"Brief";"Harz";46422;248;10862;0;14231;4778;3287;4287;5004;3;30,7
"734";2021;68;"Urne";"Harz";92150;1274;19646;0;23099;7922;4208;8245;19786;3;25,1
"735";2021;69;"Brief";"Magdeburg";68110;340;12811;0;19267;7583;8860;6761;6115;3;28,3
"736";2021;69;"Urne";"Magdeburg";88679;1065;15889;0;21755;8866;7492;7912;17331;3;24,5
"737";2021;70;"Brief";"Dessau – Wittenberg";39471;255;9726;0;11263;3669;3018;3742;4729;3;28,5
"738";2021;70;"Urne";"Dessau – Wittenberg";75733;980;17014;0;18580;5966;3513;6660;16901;3;24,5
"739";2021;71;"Brief";"Anhalt";42307;306;9686;0;11603;5034;2256;4113;5834;3;27,4
"740";2021;71;"Urne";"Anhalt";96982;1537;20137;0;21452;9215;3214;8592;25169;7;26
"741";2021;72;"Brief";"Halle";58562;341;10336;0;14762;7395;9842;6165;5143;3;25,2
"742";2021;72;"Urne";"Halle";90014;1011;15946;0;19924;9785;10073;8985;16771;3;22,1
"743";2021;73;"Brief";"Burgenland – Saalekreis";42627;241;10129;0;11229;4184;2194;4616;6669;3;26,3
"744";2021;73;"Urne";"Burgenland – Saalekreis";83239;1046;16406;0;17231;6446;2808;8169;24331;7;29,2
"745";2021;74;"Brief";"Mansfeld";42245;292;9902;0;11590;4308;2013;4411;6490;3;27,4
"746";2021;74;"Urne";"Mansfeld";90819;1191;18509;0;20519;7372;2822;8381;24986;7;27,5
"747";2021;75;"Brief";"Berlin-Mitte";64895;408;8319;0;12945;8616;21635;5434;2540;5;33,3
"748";2021;75;"Urne";"Berlin-Mitte";75760;1448;8207;0;15936;10994;20851;5606;5270;5;27,5
"749";2021;76;"Brief";"Berlin-Pankow";64572;373;12352;0;9839;9077;17287;2475;6610;5;26,8
"750";2021;76;"Urne";"Berlin-Pankow";71021;878;10103;0;10406;10080;17549;2457;12816;5;24,7
"751";2021;77;"Brief";"Berlin-Reinickendorf";51434;578;15022;0;11892;2051;8189;4713;4216;1;29,2
"752";2021;77;"Urne";"Berlin-Reinickendorf";62636;1540;14558;0;13848;3016;9288;5618;8515;1;23,2
"753";2021;78;"Brief";"Berlin-Spandau – Charlottenburg Nord";53091;813;12716;0;15063;2418;8029;5179;3742;3;28,4
"754";2021;78;"Urne";"Berlin-Spandau – Charlottenburg Nord";69772;2095;13442;0;17790;3656;9164;6619;9038;3;25,5
"755";2021;79;"Brief";"Berlin-Steglitz-Zehlendorf";89922;738;23130;0;21703;3833;20044;11081;3888;1;25,7
"756";2021;79;"Urne";"Berlin-Steglitz-Zehlendorf";81881;1485;16775;0;18974;4243;18416;9732;6148;3;23,2
"757";2021;80;"Brief";"Berlin-Charlottenburg-Wilmersdorf";66898;422;15990;0;14676;3845;18013;7138;2990;5;26,9
"758";2021;80;"Urne";"Berlin-Charlottenburg-Wilmersdorf";66337;1014;13045;0;14218;4793;17188;6796;4960;5;25,9
"759";2021;81;"Brief";"Berlin-Tempelhof-Schöneberg";86405;826;17580;0;21076;5869;22844;7863;3989;5;26,4
"760";2021;81;"Urne";"Berlin-Tempelhof-Schöneberg";85664;1905;14171;0;20139;6837;19947;7770;6932;3;23,5
"761";2021;82;"Brief";"Berlin-Neukölln";62237;606;11408;0;14565;6955;15638;4331;3506;5;25,1
"762";2021;82;"Urne";"Berlin-Neukölln";71767;1874;10992;0;16933;8661;13836;4994;6583;3;23,6
"763";2021;83;"Brief";"Berlin-Friedrichshain-Kreuzberg – Prenzlauer Berg Ost";71560;352;5926;0;11928;12427;28699;3962;2465;5;40,1
"764";2021;83;"Urne";"Berlin-Friedrichshain-Kreuzberg – Prenzlauer Berg Ost";79716;1155;6064;0;14398;15435;26448;3872;4914;5;33,2
"765";2021;84;"Brief";"Berlin-Treptow-Köpenick";71645;628;9749;0;17743;12111;12430;5531;6088;3;24,8
"766";2021;84;"Urne";"Berlin-Treptow-Köpenick";84980;2126;10813;0;17947;12498;12256;6659;13234;3;21,1
"767";2021;85;"Brief";"Berlin-Marzahn-Hellersdorf";58613;894;10472;0;14324;10323;5409;4040;6707;3;24,4
"768";2021;85;"Urne";"Berlin-Marzahn-Hellersdorf";75106;1976;11415;0;15667;10432;5798;5332;15958;7;21,2
"769";2021;86;"Brief";"Berlin-Lichtenberg";62978;572;7541;0;15114;12284;10789;4182;5218;3;24
"770";2021;86;"Urne";"Berlin-Lichtenberg";80848;2087;9350;0;17289;13556;10988;5614;12698;3;21,4
"771";2021;87;"Brief";"Aachen I";73588;206;16818;0;15841;3316;23417;8334;1689;5;31,8
"772";2021;87;"Urne";"Aachen I";66432;521;14954;0;14747;4137;17004;6698;3738;5;25,6
"773";2021;88;"Brief";"Aachen II";79836;462;24322;0;25917;2257;10190;8367;3814;3;32,5
"774";2021;88;"Urne";"Aachen II";90834;1121;25516;0;27491;3002;9728;9525;8595;3;30,3
"775";2021;89;"Brief";"Heinsberg";60885;379;20358;0;16679;1766;7787;6812;3073;1;33,4
"776";2021;89;"Urne";"Heinsberg";84483;1018;26108;0;22143;2763;9071;9211;8286;1;30,9
"777";2021;90;"Brief";"Düren";75800;523;23756;0;22601;2115;9045;8587;4405;1;31,3
"778";2021;90;"Urne";"Düren";77845;993;22461;0;21457;2455;7906;8517;8766;1;28,9
"779";2021;91;"Brief";"Rhein-Erft-Kreis I";98636;488;29212;0;28394;2620;14666;12243;4919;1;29,6
"780";2021;91;"Urne";"Rhein-Erft-Kreis I";96226;973;25856;0;26320;3062;12900;11984;8498;3;27,4
"781";2021;92;"Brief";"Euskirchen – Rhein-Erft-Kreis II";96108;506;29935;0;26699;2711;13823;11578;5110;1;31,1
"782";2021;92;"Urne";"Euskirchen – Rhein-Erft-Kreis II";96706;1034;28146;0;24250;3019;12338;11736;9784;1;29,1
"783";2021;93;"Brief";"Köln I";79043;296;16433;0;21037;4100;19928;8446;3517;3;26,6
"784";2021;93;"Urne";"Köln I";61858;525;11262;0;15896;4167;13573;6594;4846;3;25,7
"785";2021;94;"Brief";"Köln II";125103;271;27130;0;26265;5621;40216;16387;2681;5;32,1
"786";2021;94;"Urne";"Köln II";79852;351;14704;0;16928;4778;25024;10083;3210;5;31,3
"787";2021;95;"Brief";"Köln III";87883;294;16189;0;23063;4989;26829;7726;3244;5;30,5
"788";2021;95;"Urne";"Köln III";67359;546;11296;0;16838;4914;17578;6119;4632;5;26,1
"789";2021;96;"Brief";"Bonn";97000;312;22996;0;21409;4512;28236;11721;2711;5;29,1
"790";2021;96;"Urne";"Bonn";88557;801;18555;0;20232;5514;21938;10181;5039;5;24,8
"791";2021;97;"Brief";"Rhein-Sieg-Kreis I";92024;421;26288;0;25292;2813;15285;11161;4464;1;28,6
"792";2021;97;"Urne";"Rhein-Sieg-Kreis I";96193;972;25186;0;24237;3540;14020;11961;9140;1;26,2
"793";2021;98;"Brief";"Rhein-Sieg-Kreis II";90377;420;27524;0;22213;2529;16605;12038;3666;1;30,5
"794";2021;98;"Urne";"Rhein-Sieg-Kreis II";86260;796;24271;0;19540;3158;14422;11397;6885;1;28,1
"795";2021;99;"Brief";"Oberbergischer Kreis";66346;319;19332;0;18665;1976;9487;8168;3809;1;29,1
"796";2021;99;"Urne";"Oberbergischer Kreis";93800;1153;24686;0;23748;3177;10472;11628;11402;1;26,3
"797";2021;100;"Brief";"Rheinisch-Bergischer Kreis";94396;365;26785;0;24479;2469;17867;12857;3846;1;28,4
"798";2021;100;"Urne";"Rheinisch-Bergischer Kreis";82537;672;21439;0;19950;2753;14418;11516;6205;1;26
"799";2021;101;"Brief";"Leverkusen – Köln IV";76089;362;17192;0;22827;3261;15716;7618;3782;3;30
"800";2021;101;"Urne";"Leverkusen – Köln IV";78074;801;16054;0;21759;4057;13613;8313;7184;3;27,9
"801";2021;102;"Brief";"Wuppertal I";59796;370;13408;0;17727;2815;11611;6790;3170;3;29,6
"802";2021;102;"Urne";"Wuppertal I";86903;930;17119;0;24694;5240;13777;9180;8920;3;28,4
"803";2021;103;"Brief";"Solingen – Remscheid – Wuppertal II";72193;398;18458;0;21940;2342;11668;9178;3647;3;30,4
"804";2021;103;"Urne";"Solingen – Remscheid – Wuppertal II";91302;879;20955;0;26256;3734;12628;11078;8859;3;28,8
"805";2021;104;"Brief";"Mettmann I";80265;371;23306;0;22088;2195;13610;10476;3659;1;29
"806";2021;104;"Urne";"Mettmann I";79192;778;20048;0;20297;2761;11820;10607;6999;3;25,6
"807";2021;105;"Brief";"Mettmann II";58822;254;16907;0;16916;1711;9028;7774;2924;3;28,8
"808";2021;105;"Urne";"Mettmann II";64947;623;16347;0;17493;2176;9084;8461;6180;3;26,9
"809";2021;106;"Brief";"Düsseldorf I";94294;275;25759;0;19976;3054;22293;15608;2790;1;27,3
"810";2021;106;"Urne";"Düsseldorf I";80816;532;19133;0;18219;3687;17159;12135;4705;1;23,7
"811";2021;107;"Brief";"Düsseldorf II";70472;235;16591;0;17509;2952;17303;8960;2652;3;24,8
"812";2021;107;"Urne";"Düsseldorf II";71815;620;15048;0;18162;3979;14221;8375;5851;3;25,3
"813";2021;108;"Brief";"Neuss I";82797;410;26148;0;22861;2192;11980;10605;3653;1;31,6
"814";2021;108;"Urne";"Neuss I";79370;791;22018;0;20899;2579;9971;9728;7645;1;27,7
"815";2021;109;"Brief";"Mönchengladbach";54753;424;16470;0;14838;1848;8653;6740;2542;1;30,1
"816";2021;109;"Urne";"Mönchengladbach";74893;817;20085;0;20039;3079;9513;8719;7099;1;26,8
"817";2021;110;"Brief";"Krefeld I – Neuss II";73477;370;22815;0;18831;1902;11790;10615;3067;1;31,1
"818";2021;110;"Urne";"Krefeld I – Neuss II";82249;762;22820;0;20576;2778;12224;11454;6275;1;27,7
"819";2021;111;"Brief";"Viersen";83578;408;26174;0;22604;2254;13371;10682;3211;1;31,3
"820";2021;111;"Urne";"Viersen";91507;925;26722;0;23771;2949;12302;11599;7146;1;29,2
"821";2021;112;"Brief";"Kleve";81981;472;26871;0;23557;2025;12272;9282;3006;1;32,8
"822";2021;112;"Urne";"Kleve";89112;854;27922;0;24280;2703;11315;10260;6626;1;31,3
"823";2021;113;"Brief";"Wesel I";73988;301;20522;0;25298;2149;10472;7883;3284;3;34,2
"824";2021;113;"Urne";"Wesel I";86637;827;22022;0;27979;2954;10157;9419;7710;3;32,3
"825";2021;114;"Brief";"Krefeld II – Wesel II";59656;297;15897;0;18831;1889;9722;6944;2727;3;31,6
"826";2021;114;"Urne";"Krefeld II – Wesel II";72008;751;16419;0;22645;2814;9817;7955;6462;3;31,4
"827";2021;115;"Brief";"Duisburg I";56292;354;11642;0;20415;2216;9312;5158;3305;3;36,3
"828";2021;115;"Urne";"Duisburg I";62308;652;11524;0;20893;3364;8600;5435;6497;3;33,5
"829";2021;116;"Brief";"Duisburg II";40432;340;7856;0;15855;1644;5018;3301;3401;3;39,2
"830";2021;116;"Urne";"Duisburg II";57907;833;10312;0;19987;2864;5269;4612;8433;3;34,5
"831";2021;117;"Brief";"Oberhausen – Wesel III";68128;379;15267;0;26383;2380;9306;6249;4072;3;38,7
"832";2021;117;"Urne";"Oberhausen – Wesel III";77104;837;15503;0;26651;3233;8639;7324;9027;3;34,6
"833";2021;118;"Brief";"Mülheim – Essen I";61544;290;15516;0;21215;1732;9657;6686;3123;3;34,5
"834";2021;118;"Urne";"Mülheim – Essen I";78114;779;17182;0;24869;2762;10575;8502;8012;3;31,8
"835";2021;119;"Brief";"Essen II";42367;302;9139;0;15177;1604;6343;3805;3210;3;35,8
"836";2021;119;"Urne";"Essen II";63105;761;11900;0;20186;2921;7628;5726;8311;3;32
"837";2021;120;"Brief";"Essen III";73222;278;19011;0;21075;2457;15041;8725;2818;3;28,8
"838";2021;120;"Urne";"Essen III";79638;519;18042;0;21554;3660;15723;9270;5580;3;27,1
"839";2021;121;"Brief";"Recklinghausen I";60370;281;15003;0;22115;1922;8136;5811;3692;3;36,6
"840";2021;121;"Urne";"Recklinghausen I";61270;622;12985;0;20437;2317;7044;6178;7235;3;33,4
"841";2021;122;"Brief";"Recklinghausen II";66806;360;17804;0;24599;1823;8291;6434;4010;3;36,8
"842";2021;122;"Urne";"Recklinghausen II";71035;743;15806;0;23964;2261;7336;7137;8512;3;33,7
"843";2021;123;"Brief";"Gelsenkirchen";45765;312;10209;0;17953;1430;5112;3862;3955;3;39,2
"844";2021;123;"Urne";"Gelsenkirchen";66552;721;11882;0;23373;2423;6058;5859;10249;3;35,1
"845";2021;124;"Brief";"Steinfurt I – Borken I";67448;238;23932;0;19608;1688;9490;7422;2110;1;35,5
"846";2021;124;"Urne";"Steinfurt I – Borken I";89446;737;28693;0;25180;2781;11035;10361;6275;1;32,1
"847";2021;125;"Brief";"Bottrop – Recklinghausen III";64257;304;17152;0;23551;1789;7876;6147;3820;3;36,7
"848";2021;125;"Urne";"Bottrop – Recklinghausen III";84477;807;19662;0;28086;2695;8558;8500;10079;3;33,2
"849";2021;126;"Brief";"Borken II";67943;222;25489;0;18059;1513;9776;7701;2255;1;37,5
"850";2021;126;"Urne";"Borken II";94216;661;33613;0;24244;2401;11962;11380;5469;1;35,7
"851";2021;127;"Brief";"Coesfeld – Steinfurt II";79899;255;28557;0;21386;1859;13158;8681;2424;1;35,7
"852";2021;127;"Urne";"Coesfeld – Steinfurt II";81165;627;26673;0;21261;2234;12348;9246;4915;1;32,9
"853";2021;128;"Brief";"Steinfurt III";58503;255;17038;0;18931;1588;10148;5920;2039;3;32,4
"854";2021;128;"Urne";"Steinfurt III";97132;848;25490;0;31624;3135;13848;10193;7214;3;32,6
"855";2021;129;"Brief";"Münster";104730;210;24452;0;24000;4570;33737;11176;1862;5;32,2
"856";2021;129;"Urne";"Münster";91546;610;19338;0;21844;5176;26299;9610;3741;5;28,7
"857";2021;130;"Brief";"Warendorf";77420;322;25509;0;22803;1921;11600;8388;3146;1;32,9
"858";2021;130;"Urne";"Warendorf";88388;864;26213;0;24845;2604;11709;9805;7387;1;29,7
"859";2021;131;"Brief";"Gütersloh I";87638;382;26208;0;23870;2306;15483;10408;4084;1;29,9
"860";2021;131;"Urne";"Gütersloh I";92088;996;26213;0;23501;2867;12825;10803;9215;1;28,5
"861";2021;132;"Brief";"Bielefeld – Gütersloh II";95781;323;20351;0;26302;5281;23118;10864;4117;3;27,5
"862";2021;132;"Urne";"Bielefeld – Gütersloh II";89564;859;17004;0;23707;6181;17043;9794;8331;3;26,5
"863";2021;133;"Brief";"Herford – Minden-Lübbecke II";86015;395;21303;0;28264;2693;12376;10092;5503;3;32,9
"864";2021;133;"Urne";"Herford – Minden-Lübbecke II";84449;1013;18466;0;25095;3345;10356;9792;10641;3;29,7
"865";2021;134;"Brief";"Minden-Lübbecke I";70892;334;16732;0;24246;2185;10468;8212;4071;3;34,2
"866";2021;134;"Urne";"Minden-Lübbecke I";82043;1029;19082;0;25105;2672;9294;9274;9821;3;30,6
"867";2021;135;"Brief";"Lippe I";81053;410;18677;0;26708;2825;12468;9662;4961;3;33
"868";2021;135;"Urne";"Lippe I";91349;1121;20324;0;26422;3589;10808;10559;11828;3;28,9
"869";2021;136;"Brief";"Höxter – Gütersloh III – Lippe II";55901;319;17599;0;15969;1600;7172;6464;3304;1;31,5
"870";2021;136;"Urne";"Höxter – Gütersloh III – Lippe II";78445;939;25666;0;20284;2162;7545;9024;8229;1;32,7
"871";2021;137;"Brief";"Paderborn";88429;396;29036;0;20230;2824;15797;10921;4257;1;32,8
"872";2021;137;"Urne";"Paderborn";89948;999;29383;0;18859;3034;11184;10956;10103;1;32,7
"873";2021;138;"Brief";"Hagen – Ennepe-Ruhr-Kreis I";65353;294;16608;0;22528;1989;8460;7292;4163;3;34,5
"874";2021;138;"Urne";"Hagen – Ennepe-Ruhr-Kreis I";79398;848;17602;0;24872;2868;8777;8887;9597;3;31,3
"875";2021;139;"Brief";"Ennepe-Ruhr-Kreis II";69425;363;15711;0;24517;2375;11919;7144;3280;3;35,3
"876";2021;139;"Urne";"Ennepe-Ruhr-Kreis II";67281;643;14144;0;21147;2654;10022;7288;6374;3;31,4
"877";2021;140;"Brief";"Bochum I";81519;335;16774;0;27879;3802;17299;7519;3643;3;34,2
"878";2021;140;"Urne";"Bochum I";73172;768;13037;0;22283;4423;13496;7064;6589;3;30,5
"879";2021;141;"Brief";"Herne – Bochum II";53549;398;10595;0;21497;1991;7370;4738;3520;3;40,1
"880";2021;141;"Urne";"Herne – Bochum II";69496;806;12569;0;25081;3038;8013;5885;8362;3;36,1
"881";2021;142;"Brief";"Dortmund I";79363;308;14946;0;26230;3414;17941;7333;3608;3;33,1
"882";2021;142;"Urne";"Dortmund I";76451;632;12851;0;23887;4152;13926;7217;7138;3;31,2
"883";2021;143;"Brief";"Dortmund II";69510;275;14109;0;25896;2708;11549;6597;3677;3;37,3
"884";2021;143;"Urne";"Dortmund II";74345;790;13541;0;25184;3653;10165;7032;7613;3;33,9
"885";2021;144;"Brief";"Unna I";65444;321;14992;0;24865;2060;9724;6605;3138;3;38
"886";2021;144;"Urne";"Unna I";82639;826;17003;0;28625;3094;10298;8681;8290;3;34,6
"887";2021;145;"Brief";"Hamm – Unna II";74662;371;19337;0;26999;2207;9639;7539;4294;3;36,2
"888";2021;145;"Urne";"Hamm – Unna II";94098;961;21107;0;32228;3487;9510;9225;11203;3;34,2
"889";2021;146;"Brief";"Soest";87091;365;26553;0;26179;2489;12488;10157;4280;1;30,5
"890";2021;146;"Urne";"Soest";91912;809;25144;0;24882;3031;11601;10848;9926;1;27,4
"891";2021;147;"Brief";"Hochsauerlandkreis";80242;401;27135;0;23749;1988;8542;9697;4116;1;33,8
"892";2021;147;"Urne";"Hochsauerlandkreis";76276;623;24882;0;20891;2001;6931;9015;7416;1;32,6
"893";2021;148;"Brief";"Siegen-Wittgenstein";79277;385;21717;0;26162;2651;8975;9015;5080;3;33
"894";2021;148;"Urne";"Siegen-Wittgenstein";82885;779;20444;0;24165;3075;8867;9582;9629;3;29,2
"895";2021;149;"Brief";"Olpe – Märkischer Kreis I";81549;366;28189;0;23307;1936;8555;9988;4768;1;34,6
"896";2021;149;"Urne";"Olpe – Märkischer Kreis I";73281;793;22175;0;19055;2214;6688;9239;8332;1;30,3
"897";2021;150;"Brief";"Märkischer Kreis II";70365;296;21560;0;21756;2099;7814;8281;4184;3;30,9
"898";2021;150;"Urne";"Märkischer Kreis II";73324;785;18808;0;20474;2705;7066;8844;8898;3;27,9
"899";2021;151;"Brief";"Nordsachsen";33452;221;7142;0;8174;2952;1979;3611;6010;3;24,4
"900";2021;151;"Urne";"Nordsachsen";85754;1228;15858;0;16558;5916;3483;8865;26056;7;30,4
"901";2021;152;"Brief";"Leipzig I";62620;265;9276;0;13827;8741;11704;6622;6131;3;22,1
"902";2021;152;"Urne";"Leipzig I";105076;1012;15677;0;20921;12143;14144;11038;19760;3;19,9
"903";2021;153;"Brief";"Leipzig II";72776;288;9237;0;15536;11050;18253;7086;5028;5;25,1
"904";2021;153;"Urne";"Leipzig II";108104;755;14324;0;22098;15422;20011;10353;15185;3;20,4
"905";2021;154;"Brief";"Leipzig-Land";46753;288;10364;0;11191;4207;3583;5433;7261;3;23,9
"906";2021;154;"Urne";"Leipzig-Land";115530;1548;22347;0;22913;8155;5798;12889;31197;7;27
"907";2021;155;"Brief";"Meißen";49933;365;9924;0;10559;4433;3860;6098;9418;3;21,1
"908";2021;155;"Urne";"Meißen";99408;1382;15988;0;15486;6292;5012;11114;34522;7;34,7
"909";2021;156;"Brief";"Bautzen I";40894;287;8495;0;8528;4024;2277;4700;8246;3;20,9
"910";2021;156;"Urne";"Bautzen I";118339;1858;20718;0;18146;8248;3970;12487;41804;7;35,3
"911";2021;157;"Brief";"Görlitz";42930;315;8862;0;8903;3866;2921;4536;8964;7;20,9
"912";2021;157;"Urne";"Görlitz";110127;1749;18768;0;16538;7461;4437;10503;40159;7;36,5
"913";2021;158;"Brief";"Sächsische Schweiz-Osterzgebirge";47211;338;9190;0;9211;4344;3485;5774;9298;7;19,7
"914";2021;158;"Urne";"Sächsische Schweiz-Osterzgebirge";106948;1667;16838;0;14334;7309;4538;12040;39282;7;36,7
"915";2021;159;"Brief";"Dresden I";83538;412;13241;0;17340;9207;15612;10615;8933;3;20,8
"916";2021;159;"Urne";"Dresden I";97582;982;14469;0;16785;9703;11757;11374;23189;7;23,8
"917";2021;160;"Brief";"Dresden II – Bautzen II";85030;414;11928;0;15151;10595;18162;10503;9246;5;21,4
"918";2021;160;"Urne";"Dresden II – Bautzen II";104379;990;14109;0;15469;10318;13103;12381;26757;7;25,6
"919";2021;161;"Brief";"Mittelsachsen";43719;320;8388;0;9483;4245;2826;5447;8612;3;21,7
"920";2021;161;"Urne";"Mittelsachsen";104014;1421;17215;0;17517;7442;3996;11450;35209;7;33,9
"921";2021;162;"Brief";"Chemnitz";56838;289;9191;0;15682;7014;6223;6193;7335;3;27,6
"922";2021;162;"Urne";"Chemnitz";83862;832;11522;0;16934;7994;6457;9588;22754;7;27,1
"923";2021;163;"Brief";"Chemnitzer Umland – Erzgebirgskreis II";42105;247;8608;0;9683;4027;2409;4905;7469;3;23
"924";2021;163;"Urne";"Chemnitzer Umland – Erzgebirgskreis II";95318;1194;16054;0;17835;7139;3729;10212;29712;7;31,2
"925";2021;164;"Brief";"Erzgebirgskreis I";46873;343;10356;0;9957;4339;2009;4913;9568;1;22,1
"926";2021;164;"Urne";"Erzgebirgskreis I";114883;1778;20984;0;18891;7739;3185;11297;39226;7;34,1
"927";2021;165;"Brief";"Zwickau";46047;303;9485;0;11009;4868;2809;5102;7477;3;23,9
"928";2021;165;"Urne";"Zwickau";101095;1293;17539;0;19709;8761;4325;10329;29124;7;28,8
"929";2021;166;"Brief";"Vogtlandkreis";44016;310;9128;0;11366;4510;2530;4570;7499;3;25,8
"930";2021;166;"Urne";"Vogtlandkreis";93800;1363;17654;0;19070;7548;3733;9138;26613;7;28,4
"931";2021;167;"Brief";"Waldeck";67173;705;15447;0;25817;1980;7952;6977;4027;3;38,4
"932";2021;167;"Urne";"Waldeck";70957;1382;14945;0;23247;2461;6823;8311;8872;3;32,8
"933";2021;168;"Brief";"Kassel";81478;754;14859;0;27204;4898;17090;8016;3696;3;33,4
"934";2021;168;"Urne";"Kassel";81331;1226;13324;0;24608;5620;13258;8432;8445;3;30,3
"935";2021;169;"Brief";"Werra-Meißner – Hersfeld-Rotenburg";63577;575;13954;0;25289;2093;6430;6074;4976;3;39,8
"936";2021;169;"Urne";"Werra-Meißner – Hersfeld-Rotenburg";67328;1304;13913;0;23290;2431;5165;6733;9923;3;34,6
"937";2021;170;"Brief";"Schwalm-Eder";68511;783;15044;0;26156;2059;7683;7006;4941;3;38,2
"938";2021;170;"Urne";"Schwalm-Eder";72983;1540;14869;0;23944;2352;6406;8416;10106;3;32,8
"939";2021;171;"Brief";"Marburg";64162;393;14282;0;19824;3698;11815;6404;3813;3;30,9
"940";2021;171;"Urne";"Marburg";77419;919;16760;0;22274;4391;10532;8385;8745;3;28,8
"941";2021;172;"Brief";"Lahn-Dill";71910;735;18722;0;22488;2167;8947;7855;5552;3;31,3
"942";2021;172;"Urne";"Lahn-Dill";81474;1249;19003;0;22058;2935;8010;9472;11961;3;27,1
"943";2021;173;"Brief";"Gießen";78396;617;18493;0;22458;3552;14459;7892;4658;3;28,6
"944";2021;173;"Urne";"Gießen";83523;1600;17708;0;21588;4476;11650;9214;10178;3;25,8
"945";2021;174;"Brief";"Fulda";79198;572;25497;0;18484;2163;9207;9979;7245;1;32,2
"946";2021;174;"Urne";"Fulda";84362;1284;24815;0;17859;2284;7117;10549;14198;1;29,4
"947";2021;175;"Brief";"Main-Kinzig – Wetterau II – Schotten";69958;735;17465;0;20055;2103;8667;8480;6358;3;28,7
"948";2021;175;"Urne";"Main-Kinzig – Wetterau II – Schotten";67112;1298;15220;0;16888;2205;6342;8566;10721;3;25,2
"949";2021;176;"Brief";"Hochtaunus";78484;584;21660;0;19574;2263;12974;12000;4298;1;27,6
"950";2021;176;"Urne";"Hochtaunus";65528;746;15671;0;15597;2178;9512;9996;6858;1;23,9
"951";2021;177;"Brief";"Wetterau I";74959;680;18411;0;20185;2458;12648;9981;4649;3;26,9
"952";2021;177;"Urne";"Wetterau I";63976;998;14008;0;15724;2447;9269;9062;7031;3;24,6
"953";2021;178;"Brief";"Rheingau-Taunus – Limburg";97277;755;26771;0;25829;2723;14968;13026;5938;1;27,5
"954";2021;178;"Urne";"Rheingau-Taunus – Limburg";74970;1010;17642;0;17879;2672;10360;10719;8585;3;23,8
"955";2021;179;"Brief";"Wiesbaden";68800;480;15524;0;16976;3190;15019;9779;3266;3;24,7
"956";2021;179;"Urne";"Wiesbaden";67414;868;12999;0;16570;3938;11799;9168;6322;3;24,6
"957";2021;180;"Brief";"Hanau";63477;663;15077;0;18127;2199;9796;8205;4546;3;28,6
"958";2021;180;"Urne";"Hanau";67935;1097;14146;0;17612;2749;8462;8953;8711;3;25,9
"959";2021;181;"Brief";"Main-Taunus";86231;617;24733;0;19164;2202;15343;14215;4172;1;28,7
"960";2021;181;"Urne";"Main-Taunus";71487;820;17527;0;15304;2506;11428;12120;6255;1;24,5
"961";2021;182;"Brief";"Frankfurt am Main I";72219;330;13666;0;15048;4615;19345;11397;2695;5;26,8
"962";2021;182;"Urne";"Frankfurt am Main I";72791;917;12249;0;17451;5769;14476;9964;5151;3;24
"963";2021;183;"Brief";"Frankfurt am Main II";90878;433;17190;0;19320;5587;25100;13914;3064;5;27,6
"964";2021;183;"Urne";"Frankfurt am Main II";84126;920;14470;0;19457;6314;19270;11616;5124;3;23,1
"965";2021;184;"Brief";"Groß-Gerau";65574;681;14690;0;20264;2300;10569;7395;4277;3;30,9
"966";2021;184;"Urne";"Groß-Gerau";63687;996;12611;0;17709;3094;8359;7604;6969;3;27,8
"967";2021;185;"Brief";"Offenbach";76891;742;18930;0;19065;3385;14580;10034;4220;3;24,8
"968";2021;185;"Urne";"Offenbach";81161;1496;16824;0;19734;4402;12482;10591;7878;3;24,3
"969";2021;186;"Brief";"Darmstadt";103723;805;19971;0;28172;5122;25116;11959;4474;3;27,2
"970";2021;186;"Urne";"Darmstadt";85193;1083;14501;0;21101;5642;16832;10297;7720;3;24,8
"971";2021;187;"Brief";"Odenwald";100328;1127;25733;0;29057;3181;14693;12101;6324;3;29
"972";2021;187;"Urne";"Odenwald";79502;1577;17124;0;20461;3152;10001;10332;9659;3;25,7
"973";2021;188;"Brief";"Bergstraße";82938;745;21691;0;23100;2249;12367;10757;5561;3;27,9
"974";2021;188;"Urne";"Bergstraße";70238;988;15373;0;18024;2380;9090;9675;8816;3;25,7
"975";2021;189;"Brief";"Eichsfeld – Nordhausen – Kyffhäuserkreis";46429;304;10844;0;13006;5360;2851;3976;6598;3;28
"976";2021;189;"Urne";"Eichsfeld – Nordhausen – Kyffhäuserkreis";108059;1506;22818;0;24276;9806;4325;9719;27698;7;25,6
"977";2021;190;"Brief";"Eisenach – Wartburgkreis – Unstrut-Hainich-Kreis";51887;412;10079;0;15172;6286;3300;4099;8027;3;29,2
"978";2021;190;"Urne";"Eisenach – Wartburgkreis – Unstrut-Hainich-Kreis";104226;1480;18170;0;23191;9586;4169;9159;29710;7;28,5
"979";2021;191;"Brief";"Jena – Sömmerda – Weimarer Land I";55704;357;8550;0;13698;8233;8689;5012;6335;3;24,6
"980";2021;191;"Urne";"Jena – Sömmerda – Weimarer Land I";98459;1231;15319;0;20497;11272;8020;9058;23928;7;24,3
"981";2021;192;"Brief";"Gotha – Ilm-Kreis";43422;328;7325;0;11800;5533;3305;3772;7254;3;27,2
"982";2021;192;"Urne";"Gotha – Ilm-Kreis";99144;1590;14495;0;21637;9921;4795;8354;29268;7;29,5
"983";2021;193;"Brief";"Erfurt – Weimar – Weimarer Land II";61778;373;9009;0;15894;9365;10316;5684;5865;3;25,7
"984";2021;193;"Urne";"Erfurt – Weimar – Weimarer Land II";104826;1233;14571;0;23484;13690;11515;9820;20938;3;22,4
"985";2021;194;"Brief";"Gera – Greiz – Altenburger Land";48028;416;8676;0;12563;6449;2669;4506;9056;3;26,2
"986";2021;194;"Urne";"Gera – Greiz – Altenburger Land";120119;1688;18627;0;23763;12217;4662;11706;37603;7;31,3
"987";2021;195;"Brief";"Saalfeld-Rudolstadt – Saale-Holzland-Kreis – Saale-Orla-Kreis";53758;453;9516;0;13477;7068;3027;5071;10212;3;25,1
"988";2021;195;"Urne";"Saalfeld-Rudolstadt – Saale-Holzland-Kreis – Saale-Orla-Kreis";112773;1455;17492;0;21542;11421;4356;10357;36169;7;32,1
"989";2021;196;"Brief";"Suhl – Schmalkalden-Meiningen – Hildburghausen – Sonneberg";53746;355;9160;0;15627;7159;3038;4463;9241;3;29,1
"990";2021;196;"Urne";"Suhl – Schmalkalden-Meiningen – Hildburghausen – Sonneberg";117362;1628;18763;0;26819;11327;4183;9527;35331;7;30,1
"991";2021;197;"Brief";"Neuwied";110101;596;31815;0;34358;2834;12444;12407;6765;3;31,2
"992";2021;197;"Urne";"Neuwied";71736;948;16523;0;19660;2583;6486;8344;10739;3;27,4
"993";2021;198;"Brief";"Ahrweiler";94166;687;28284;0;27779;2146;11896;10741;4908;1;30
"994";2021;198;"Urne";"Ahrweiler";54300;692;13658;0;14524;1705;5789;6743;6414;3;26,7
"995";2021;199;"Brief";"Koblenz";94090;599;26305;0;28016;2643;13939;10350;4547;3;29,8
"996";2021;199;"Urne";"Koblenz";53037;625;11653;0;14801;2161;7068;6021;5879;3;27,9
"997";2021;200;"Brief";"Mosel/Rhein-Hunsrück";77687;600;23507;0;22772;2004;7585;9435;4230;1;30,3
"998";2021;200;"Urne";"Mosel/Rhein-Hunsrück";57030;855;15157;0;15243;1721;4645;7229;6831;3;26,7
"999";2021;201;"Brief";"Kreuznach";78793;596;20350;0;26380;2279;8046;8853;5195;3;33,5
"1000";2021;201;"Urne";"Kreuznach";59316;855;13083;0;17879;2175;4857;6851;8315;3;30,1
"1001";2021;202;"Brief";"Bitburg";71308;602;22092;0;20217;1740;7037;7691;3553;1;31
"1002";2021;202;"Urne";"Bitburg";53141;793;14994;0;14126;1525;4374;6306;5241;1;28,2
"1003";2021;203;"Brief";"Trier";88227;652;21881;0;26920;3066;14262;9709;3759;3;30,5
"1004";2021;203;"Urne";"Trier";58944;888;12697;0;17203;2646;8446;6497;5242;3;29,2
"1005";2021;204;"Brief";"Montabaur";99780;659;28242;0;31366;2513;10801;11077;6183;3;31,4
"1006";2021;204;"Urne";"Montabaur";64385;795;14883;0;17980;2177;6031;7944;8382;3;27,9
"1007";2021;205;"Brief";"Mainz";131339;665;29280;0;35300;5633;31421;14784;5002;3;26,9
"1008";2021;205;"Urne";"Mainz";71331;717;13379;0;18589;3785;14762;8394;5831;3;26,1
"1009";2021;206;"Brief";"Worms";100309;879;24059;0;31218;2773;13343;11898;7393;3;31,1
"1010";2021;206;"Urne";"Worms";66327;935;13489;0;18438;2295;7456;8197;9640;3;27,8
"1011";2021;207;"Brief";"Ludwigshafen/Frankenthal";91131;741;21537;0;28409;2407;11675;10648;7414;3;31,2
"1012";2021;207;"Urne";"Ludwigshafen/Frankenthal";63780;912;12189;0;17486;2244;6453;7773;10661;3;27,4
"1013";2021;208;"Brief";"Neustadt – Speyer";113212;753;28933;0;32243;2880;16283;14018;7950;3;28,5
"1014";2021;208;"Urne";"Neustadt – Speyer";60616;753;12389;0;14878;2000;7666;7805;9549;3;24,5
"1015";2021;209;"Brief";"Kaiserslautern";96743;724;19885;0;33230;3443;10970;9750;8265;3;34,3
"1016";2021;209;"Urne";"Kaiserslautern";72463;1018;13341;0;21230;2940;6641;7492;12437;3;29,3
"1017";2021;210;"Brief";"Pirmasens";77075;813;21157;0;23455;2221;6219;8475;6893;3;30,4
"1018";2021;210;"Urne";"Pirmasens";55395;934;12350;0;14806;1986;3658;5899;10285;3;26,7
"1019";2021;211;"Brief";"Südpfalz";110563;805;27051;0;31747;3317;15713;13473;8334;3;28,7
"1020";2021;211;"Urne";"Südpfalz";60696;778;12370;0;15281;2281;7169;7647;9368;3;25,2
"1021";2021;212;"Brief";"Altötting";79202;274;0;27519;11497;1524;7843;8098;6422;2;34,7
"1022";2021;212;"Urne";"Altötting";50239;407;0;16541;6812;1245;4405;5200;7518;2;32,9
"1023";2021;213;"Brief";"Erding – Ebersberg";110363;426;0;37653;16807;2146;15967;13007;6707;2;34,1
"1024";2021;213;"Urne";"Erding – Ebersberg";57974;308;0;18339;8886;1502;8653;7221;5521;2;31,6
"1025";2021;214;"Brief";"Freising";125120;442;0;41887;18702;2568;16927;13823;9161;2;33,5
"1026";2021;214;"Urne";"Freising";68882;441;0;21043;10383;1888;9128;7915;8354;2;30,5
"1027";2021;215;"Brief";"Fürstenfeldbruck";118885;474;0;40562;19140;2320;19042;13891;6575;2;34,1
"1028";2021;215;"Urne";"Fürstenfeldbruck";73894;453;0;23382;12001;1872;11495;9155;6634;2;31,6
"1029";2021;216;"Brief";"Ingolstadt";118463;380;0;41456;20473;2576;13844;12619;9125;2;35
"1030";2021;216;"Urne";"Ingolstadt";68932;476;0;23121;11119;1874;6989;7178;9569;2;33,5
"1031";2021;217;"Brief";"München-Nord";112909;304;0;26633;20696;4023;30337;17422;3998;5;26,9
"1032";2021;217;"Urne";"München-Nord";62642;345;0;13353;12545;3021;14524;8531;4252;5;23,2
"1033";2021;218;"Brief";"München-Ost";122694;315;0;32562;22046;3968;31340;17761;4269;2;26,5
"1034";2021;218;"Urne";"München-Ost";71264;372;0;16724;14060;3112;16307;9351;4709;2;23,5
"1035";2021;219;"Brief";"München-Süd";111507;273;0;26922;20741;4457;30986;14162;3945;5;27,8
"1036";2021;219;"Urne";"München-Süd";61463;326;0;13663;12376;3212;14576;7333;3965;5;23,7
"1037";2021;220;"Brief";"München-West/Mitte";129562;333;0;30914;24142;4760;36668;17583;4245;5;28,3
"1038";2021;220;"Urne";"München-West/Mitte";68710;314;0;14626;13371;3459;17635;8818;4158;5;25,7
"1039";2021;221;"Brief";"München-Land";126033;358;0;42283;21375;2606;23611;18016;5307;2;33,5
"1040";2021;221;"Urne";"München-Land";73300;365;0;22386;12814;1843;13206;10680;5182;2;30,5
"1041";2021;222;"Brief";"Rosenheim";120583;390;0;37807;17290;2590;17026;14622;8214;2;31,4
"1042";2021;222;"Urne";"Rosenheim";70827;459;0;21319;10116;2017;8936;8427;8356;2;30,1
"1043";2021;223;"Brief";"Bad Tölz-Wolfratshausen – Miesbach";90290;405;0;31365;11927;1782;12067;11452;5854;2;34,7
"1044";2021;223;"Urne";"Bad Tölz-Wolfratshausen – Miesbach";45816;345;0;14939;6349;1126;6071;5596;4981;2;32,6
"1045";2021;224;"Brief";"Starnberg – Landsberg am Lech";114039;376;0;37376;18204;2519;20834;15246;5573;2;32,8
"1046";2021;224;"Urne";"Starnberg – Landsberg am Lech";66939;338;0;20530;10380;1927;11829;8647;5493;2;30,7
"1047";2021;225;"Brief";"Traunstein";107056;369;0;34117;16450;2394;13496;10130;7041;2;31,9
"1048";2021;225;"Urne";"Traunstein";56820;448;0;17304;8740;1549;6489;5617;6986;2;30,5
"1049";2021;226;"Brief";"Weilheim";91955;550;0;32971;13253;1885;12220;9521;6016;2;35,9
"1050";2021;226;"Urne";"Weilheim";46084;329;0;15207;6674;1239;6177;4790;4857;2;33
"1051";2021;227;"Brief";"Deggendorf";88588;280;0;29412;14022;1434;5731;7311;11137;2;33,2
"1052";2021;227;"Urne";"Deggendorf";38605;269;0;12742;5851;867;2785;3467;6774;2;33
"1053";2021;228;"Brief";"Landshut";124876;331;0;41255;19938;2409;12926;12700;10468;2;33
"1054";2021;228;"Urne";"Landshut";70713;492;0;23128;10993;1777;7161;7504;9505;2;32,7
"1055";2021;229;"Brief";"Passau";93164;221;0;30485;16625;1891;8553;8654;9430;2;32,7
"1056";2021;229;"Urne";"Passau";43461;352;0;13730;7267;1202;4092;4128;6593;2;31,6
"1057";2021;230;"Brief";"Rottal-Inn";85654;269;0;29096;12388;1490;6209;8146;8679;2;34
"1058";2021;230;"Urne";"Rottal-Inn";48231;370;0;16591;6720;997;3286;4758;7705;2;34,4
"1059";2021;231;"Brief";"Straubing";85645;320;0;30119;13163;1497;5688;7255;9613;2;35,2
"1060";2021;231;"Urne";"Straubing";47310;392;0;16623;6775;971;3276;4348;7789;2;35,1
"1061";2021;232;"Brief";"Amberg";105903;376;0;37591;19362;2303;10169;9076;8747;2;35,5
"1062";2021;232;"Urne";"Amberg";67394;563;0;22839;12185;1792;6022;5991;9211;2;33,9
"1063";2021;233;"Brief";"Regensburg";125127;265;0;39347;22153;3875;20773;11679;8455;2;31,4
"1064";2021;233;"Urne";"Regensburg";73810;497;0;21840;12410;2923;11321;7094;8888;2;29,6
"1065";2021;234;"Brief";"Schwandorf";115297;394;0;39007;20945;2040;7189;8205;13680;2;33,8
"1066";2021;234;"Urne";"Schwandorf";59660;418;0;20423;10264;1354;3990;4445;9828;2;34,2
"1067";2021;235;"Brief";"Weiden";88622;507;0;31520;20146;1783;6173;6372;8391;2;35,6
"1068";2021;235;"Urne";"Weiden";43625;384;0;14931;9315;1047;2997;3229;6507;2;34,2
"1069";2021;236;"Brief";"Bamberg";95135;291;0;32798;16735;2726;14009;9090;7505;2;34,5
"1070";2021;236;"Urne";"Bamberg";53525;301;0;16665;8963;1950;7889;5246;6779;2;31,1
"1071";2021;237;"Brief";"Bayreuth";82399;283;0;28705;17299;1863;9965;7575;6033;2;34,8
"1072";2021;237;"Urne";"Bayreuth";46737;323;0;15063;9285;1431;5682;4445;5603;2;32,2
"1073";2021;238;"Brief";"Coburg";68887;257;0;22379;17908;1646;6662;6047;5334;2;32,5
"1074";2021;238;"Urne";"Coburg";54977;447;0;16964;13179;1472;4797;4636;7502;2;30,9
"1075";2021;239;"Brief";"Hof";72600;339;0;25166;18174;1545;5825;5884;6414;2;34,7
"1076";2021;239;"Urne";"Hof";52734;436;0;16142;12252;1459;3803;4668;8146;2;30,6
"1077";2021;240;"Brief";"Kulmbach";87445;315;0;32469;17549;1712;7626;7178;8415;2;37,1
"1078";2021;240;"Urne";"Kulmbach";49733;356;0;16920;9460;1270;4340;4221;7359;2;34
"1079";2021;241;"Brief";"Ansbach";114472;408;0;38705;22902;2616;13574;9489;8995;2;33,8
"1080";2021;241;"Urne";"Ansbach";78036;614;0;24594;14740;2288;8751;6724;10147;2;31,5
"1081";2021;242;"Brief";"Erlangen";90482;290;0;26876;17711;3090;18723;9338;4882;2;29,7
"1082";2021;242;"Urne";"Erlangen";64895;379;0;17788;12435;2727;12499;6724;5990;2;27,4
"1083";2021;243;"Brief";"Fürth";109726;400;0;34301;24235;3426;17139;9972;7467;2;31,3
"1084";2021;243;"Urne";"Fürth";88213;596;0;24675;18094;3520;12639;8793;10225;2;28
"1085";2021;244;"Brief";"Nürnberg-Nord";84733;306;0;20790;17248;4595;21387;8875;3731;5;25,2
"1086";2021;244;"Urne";"Nürnberg-Nord";60479;420;0;13559;12984;4032;12668;5817;5156;2;22,4
"1087";2021;245;"Brief";"Nürnberg-Süd";70300;311;0;21859;16225;2424;10755;6130;4955;2;31,1
"1088";2021;245;"Urne";"Nürnberg-Süd";59260;536;0;16804;12970;2469;6932;5365;7946;2;28,4
"1089";2021;246;"Brief";"Roth";116335;446;0;38532;24305;2831;16407;10078;7847;2;33,1
"1090";2021;246;"Urne";"Roth";73340;499;0;22448;14481;2119;9790;6896;8196;2;30,6
"1091";2021;247;"Brief";"Aschaffenburg";87255;519;0;28445;18727;2168;12627;9514;6074;2;32,6
"1092";2021;247;"Urne";"Aschaffenburg";59517;533;0;17294;11505;1900;8015;6685;7642;2;29,1
"1093";2021;248;"Brief";"Bad Kissingen";114123;535;0;44057;20620;2853;10495;9829;9740;2;38,6
"1094";2021;248;"Urne";"Bad Kissingen";60041;524;0;21006;9920;1967;5379;5382;8694;2;35
"1095";2021;249;"Brief";"Main-Spessart";104216;616;0;37212;22063;2181;11782;8954;7372;2;35,7
"1096";2021;249;"Urne";"Main-Spessart";53917;450;0;16885;10708;1504;6024;5197;6546;2;31,3
"1097";2021;250;"Brief";"Schweinfurt";96485;448;0;34988;19567;2732;10859;9153;7060;2;36,3
"1098";2021;250;"Urne";"Schweinfurt";60872;557;0;19453;10915;2196;6226;5886;8627;2;32
"1099";2021;251;"Brief";"Würzburg";126346;543;0;39589;25860;4213;24497;12910;6473;2;31,3
"1100";2021;251;"Urne";"Würzburg";59313;414;0;16368;11219;2814;11137;6320;5747;2;27,6
"1101";2021;252;"Brief";"Augsburg-Stadt";83018;266;0;21293;15916;3467;17717;9360;5152;2;25,6
"1102";2021;252;"Urne";"Augsburg-Stadt";70297;589;0;17360;13284;3485;11254;7609;8736;2;24,7
"1103";2021;253;"Brief";"Augsburg-Land";118904;432;0;40171;19830;2210;15715;12874;8994;2;33,8
"1104";2021;253;"Urne";"Augsburg-Land";85833;638;0;27712;13575;1966;10492;9427;10487;2;32,3
"1105";2021;254;"Brief";"Donau-Ries";97929;374;0;34580;16613;1689;9435;9583;8759;2;35,3
"1106";2021;254;"Urne";"Donau-Ries";59104;444;0;20349;9171;1166;5476;6010;8376;2;34,4
"1107";2021;255;"Brief";"Neu-Ulm";107234;460;0;34623;18512;2194;12426;12423;9886;2;32,3
"1108";2021;255;"Urne";"Neu-Ulm";81579;639;0;24405;13388;2216;8338;9596;12407;2;29,9
"1109";2021;256;"Brief";"Oberallgäu";111500;464;0;34758;18264;2811;17913;12963;6255;2;31,2
"1110";2021;256;"Urne";"Oberallgäu";70255;550;0;20259;11646;2232;9480;7990;8095;2;28,8
"1111";2021;257;"Brief";"Ostallgäu";117242;417;0;37630;18599;2793;14801;12718;8718;2;32,1
"1112";2021;257;"Urne";"Ostallgäu";81425;607;0;25005;12315;2214;8911;8843;11061;2;30,7
"1113";2021;258;"Brief";"Stuttgart I";93696;325;19599;0;17691;4227;28647;15705;2704;5;30,6
"1114";2021;258;"Urne";"Stuttgart I";63818;351;11937;0;13312;3900;15912;10331;3887;5;24,9
"1115";2021;259;"Brief";"Stuttgart II";69730;310;15740;0;15495;3003;16906;10608;3448;5;24,2
"1116";2021;259;"Urne";"Stuttgart II";63858;582;12663;0;14703;3736;11315;9665;6093;3;23
"1117";2021;260;"Brief";"Böblingen";98994;405;26966;0;20237;2340;18846;17743;5844;1;27,2
"1118";2021;260;"Urne";"Böblingen";96341;816;23709;0;19718;2801;13748;17339;10966;1;24,6
"1119";2021;261;"Brief";"Esslingen";67748;249;18190;0;15293;1808;13678;10584;3534;1;26,8
"1120";2021;261;"Urne";"Esslingen";64140;518;14985;0;14559;2255;10224;10317;6199;1;23,4
"1121";2021;262;"Brief";"Nürtingen";85237;421;23333;0;17631;1999;15912;14540;5380;1;27,4
"1122";2021;262;"Urne";"Nürtingen";80540;786;19493;0;16364;2358;11790;14267;8947;1;24,2
"1123";2021;263;"Brief";"Göppingen";65634;359;18059;0;15605;1423;9523;10478;5304;1;27,5
"1124";2021;263;"Urne";"Göppingen";69972;824;17020;0;15817;1915;7393;11245;10108;1;24,3
"1125";2021;264;"Brief";"Waiblingen";85034;320;22917;0;18388;2193;14929;14888;5328;1;27
"1126";2021;264;"Urne";"Waiblingen";90807;772;22070;0;19365;2808;12169;16111;10146;1;24,3
"1127";2021;265;"Brief";"Ludwigsburg";86802;353;22362;0;18940;2332;18025;13831;5076;1;25,8
"1128";2021;265;"Urne";"Ludwigsburg";85041;648;19935;0;18344;2943;13408;13780;9237;1;23,4
"1129";2021;266;"Brief";"Neckar-Zaber";93624;427;24296;0;21459;2268;16235;15162;6832;1;26
"1130";2021;266;"Urne";"Neckar-Zaber";93049;810;22019;0;19910;2583;12813;15621;11870;1;23,7
"1131";2021;267;"Brief";"Heilbronn";81214;433;20336;0;18941;2079;12761;12895;7275;1;25
"1132";2021;267;"Urne";"Heilbronn";101590;1316;22989;0;22020;3058;10715;16491;16553;1;22,6
"1133";2021;268;"Brief";"Schwäbisch Hall – Hohenlohe";70753;301;17430;0;16349;2070;11361;11168;6010;1;24,6
"1134";2021;268;"Urne";"Schwäbisch Hall – Hohenlohe";101934;1156;24517;0;20923;2910;11373;16682;15777;1;24,1
"1135";2021;269;"Brief";"Backnang – Schwäbisch Gmünd";64529;278;17558;0;14230;1817;10316;9876;5405;1;27,2
"1136";2021;269;"Urne";"Backnang – Schwäbisch Gmünd";71907;734;17433;0;15111;2110;8263;11521;10574;1;24,2
"1137";2021;270;"Brief";"Aalen – Heidenheim";80100;412;22780;0;19368;1972;11824;11396;6017;1;28,4
"1138";2021;270;"Urne";"Aalen – Heidenheim";88555;998;23072;0;20100;2566;9402;13166;11920;1;26,1
"1139";2021;271;"Brief";"Karlsruhe-Stadt";97283;404;17424;0;20619;5114;30282;12414;4216;5;31,1
"1140";2021;271;"Urne";"Karlsruhe-Stadt";62308;719;10574;0;13209;3796;13729;8201;6558;5;22
"1141";2021;272;"Brief";"Karlsruhe-Land";87467;476;23525;0;20780;2127;15279;12624;5995;1;26,9
"1142";2021;272;"Urne";"Karlsruhe-Land";80479;837;19306;0;17694;2356;11690;12036;9874;1;24
"1143";2021;273;"Brief";"Rastatt";76524;486;21837;0;18416;1933;12332;10306;5317;1;28,5
"1144";2021;273;"Urne";"Rastatt";78807;1045;19658;0;18026;2347;9594;10944;11016;1;24,9
"1145";2021;274;"Brief";"Heidelberg";95759;374;20836;0;21721;4185;26667;12170;3987;5;27,8
"1146";2021;274;"Urne";"Heidelberg";82109;690;15947;0;18554;4439;18647;11070;6834;5;22,7
"1147";2021;275;"Brief";"Mannheim";75867;386;14655;0;19100;3454;18408;9757;4527;3;25,2
"1148";2021;275;"Urne";"Mannheim";66265;779;11027;0;16551;3612;11406;8758;8319;3;25
"1149";2021;276;"Brief";"Odenwald – Tauber";75712;429;23689;0;17602;1825;9724;9456;6293;1;31,3
"1150";2021;276;"Urne";"Odenwald – Tauber";86346;1135;25177;0;17976;2259;8024;11487;12915;1;29,2
"1151";2021;277;"Brief";"Rhein-Neckar";78809;555;21165;0;19102;1870;13507;10920;5911;1;26,9
"1152";2021;277;"Urne";"Rhein-Neckar";75276;848;17706;0;16745;2450;10565;11021;9790;1;23,5
"1153";2021;278;"Brief";"Bruchsal – Schwetzingen";81850;582;22594;0;19098;2072;12382;11539;6801;1;27,6
"1154";2021;278;"Urne";"Bruchsal – Schwetzingen";70381;873;16272;0;15336;2053;8476;10439;10661;1;23,1
"1155";2021;279;"Brief";"Pforzheim";80921;377;21082;0;17644;1868;12292;13181;7201;1;26,1
"1156";2021;279;"Urne";"Pforzheim";83061;988;18242;0;16618;2474;8921;13323;14827;1;22
"1157";2021;280;"Brief";"Calw";71539;303;20790;0;14151;1710;9744;12379;6441;1;29,1
"1158";2021;280;"Urne";"Calw";81324;972;22051;0;14420;1946;7557;14391;13032;1;27,1
"1159";2021;281;"Brief";"Freiburg";98293;374;17600;0;20661;6252;33512;10284;3163;5;34,1
"1160";2021;281;"Urne";"Freiburg";82683;729;13696;0;17522;6177;23349;8861;5691;5;28,2
"1161";2021;282;"Brief";"Lörrach – Müllheim";88997;450;21035;0;21902;2513;19021;12265;4879;3;24,6
"1162";2021;282;"Urne";"Lörrach – Müllheim";85067;1045;17466;0;19932;3019;13796;12404;9316;3;23,4
"1163";2021;283;"Brief";"Emmendingen – Lahr";85887;443;21841;0;21165;2567;16875;11056;4784;1;25,4
"1164";2021;283;"Urne";"Emmendingen – Lahr";82117;989;19482;0;18562;2642;11849;11080;10187;1;23,7
"1165";2021;284;"Brief";"Offenburg";75785;434;20281;0;16608;1943;12732;10697;4977;1;26,8
"1166";2021;284;"Urne";"Offenburg";80991;1142;19929;0;16435;2480;10351;12102;10343;1;24,6
"1167";2021;285;"Brief";"Rottweil – Tuttlingen";73219;495;21446;0;14276;1484;9306;12991;6708;1;29,3
"1168";2021;285;"Urne";"Rottweil – Tuttlingen";76445;1356;19372;0;13247;1836;6730;13777;13039;1;25,3
"1169";2021;286;"Brief";"Schwarzwald-Baar";58934;363;16524;0;12732;1403;9283;9418;4003;1;28
"1170";2021;286;"Urne";"Schwarzwald-Baar";63928;977;15785;0;13082;1659;6898;10278;9094;1;24,7
"1171";2021;287;"Brief";"Konstanz";85389;348;20178;0;17729;3001;20964;12509;4696;5;24,6
"1172";2021;287;"Urne";"Konstanz";72174;815;16031;0;14928;2803;11949;11000;8645;1;22,2
"1173";2021;288;"Brief";"Waldshut";66434;332;17945;0;15267;1741;12874;8773;3870;1;27
"1174";2021;288;"Urne";"Waldshut";69761;841;17650;0;15515;2154;10420;9649;7395;1;25,3
"1175";2021;289;"Brief";"Reutlingen";75427;285;20049;0;15787;2263;13778;12463;5568;1;26,6
"1176";2021;289;"Urne";"Reutlingen";78393;960;19455;0;15748;2818;10419;12825;10084;1;24,8
"1177";2021;290;"Brief";"Tübingen";81725;299;18031;0;16517;3868;21626;11344;4541;5;26,5
"1178";2021;290;"Urne";"Tübingen";79110;755;16744;0;16059;4363;15798;11334;8007;1;21,2
"1179";2021;291;"Brief";"Ulm";83438;347;22128;0;17513;2292;17274;11693;5314;1;26,5
"1180";2021;291;"Urne";"Ulm";94099;1025;24677;0;18905;3085;13964;13696;10732;1;26,2
"1181";2021;292;"Brief";"Biberach";68035;349;21047;0;12535;1465;10933;9550;5029;1;30,9
"1182";2021;292;"Urne";"Biberach";65310;766;19425;0;10617;1502;7137;9613;9279;1;29,7
"1183";2021;293;"Brief";"Bodensee";70108;267;19107;0;14071;1852;14004;10838;4062;1;27,3
"1184";2021;293;"Urne";"Bodensee";67730;723;17464;0;12918;2053;9631;10773;7854;1;25,8
"1185";2021;294;"Brief";"Ravensburg";74694;278;20341;0;14664;2296;15014;10736;4182;1;27,2
"1186";2021;294;"Urne";"Ravensburg";72326;764;18586;0;13086;2439;10522;11004;8468;1;25,7
"1187";2021;295;"Brief";"Zollernalb – Sigmaringen";63816;373;19100;0;12778;1541;8572;10702;5397;1;29,9
"1188";2021;295;"Urne";"Zollernalb – Sigmaringen";74268;1171;20232;0;13938;1999;6931;12498;11080;1;27,2
"1189";2021;296;"Brief";"Saarbrücken";63308;831;13990;0;24770;5539;0;7459;3997;3;39,1
"1190";2021;296;"Urne";"Saarbrücken";79389;1392;14807;0;28767;7945;0;8979;9009;3;36,2
"1191";2021;297;"Brief";"Saarlouis";59031;971;15037;0;22303;3790;0;6841;3993;3;37,8
"1192";2021;297;"Urne";"Saarlouis";100139;1920;23048;0;34617;6722;0;12031;11658;3;34,6
"1193";2021;298;"Brief";"St. Wendel";54160;1036;14911;0;20766;2828;0;5743;3602;3;38,3
"1194";2021;298;"Urne";"St. Wendel";85648;1740;21337;0;30463;5059;0;9173;9302;3;35,6
"1195";2021;299;"Brief";"Homburg";58590;938;14290;0;22618;3542;0;6398;4730;3;38,6
"1196";2021;299;"Urne";"Homburg";83698;1467;17714;0;29473;5705;0;9321;11338;3;35,2
"1197";2025;1;"Brief";"Flensburg – Schleswig";52355;152;14027;0;8489;3924;10711;1799;4583;1;26,8
"1198";2025;1;"Urne";"Flensburg – Schleswig";140527;836;33659;0;22069;11988;19884;5268;24689;1;24
"1199";2025;2;"Brief";"Nordfriesland – Dithmarschen Nord";44007;166;13770;0;7958;2350;6814;2231;4595;1;31,3
"1200";2025;2;"Urne";"Nordfriesland – Dithmarschen Nord";109748;674;31532;0;18681;7092;11950;5387;19969;1;28,7
"1201";2025;3;"Brief";"Steinburg – Dithmarschen Süd";35016;103;11305;0;6557;1974;4824;1534;4587;1;32,3
"1202";2025;3;"Urne";"Steinburg – Dithmarschen Süd";111377;698;31256;0;19045;7682;11247;5901;25066;1;28,1
"1203";2025;4;"Brief";"Rendsburg-Eckernförde";46473;159;14917;0;8292;2365;8304;2158;4682;1;32,1
"1204";2025;4;"Urne";"Rendsburg-Eckernförde";126031;699;35314;0;22126;8525;16922;5798;22816;1;28
"1205";2025;5;"Brief";"Kiel";61312;163;13168;0;11704;7598;16433;2306;3926;5;26,8
"1206";2025;5;"Urne";"Kiel";105864;704;19674;0;20384;15183;21715;4261;13958;5;20,5
"1207";2025;6;"Brief";"Plön – Neumünster";38223;151;12172;0;7923;1983;6346;1627;4170;1;31,8
"1208";2025;6;"Urne";"Plön – Neumünster";105353;770;28643;0;19419;7674;13611;4523;21513;1;27,2
"1209";2025;7;"Brief";"Pinneberg";59130;176;18992;0;12877;3685;9872;2851;5714;1;32,1
"1210";2025;7;"Urne";"Pinneberg";141174;809;38539;0;27449;11406;19095;7236;25384;1;27,3
"1211";2025;8;"Brief";"Segeberg – Stormarn-Mitte";57972;161;18606;0;11790;3374;9595;2805;6091;1;32,1
"1212";2025;8;"Urne";"Segeberg – Stormarn-Mitte";153579;881;42574;0;28384;11514;19213;8169;30117;1;27,7
"1213";2025;9;"Brief";"Ostholstein – Stormarn-Nord";44082;162;15323;0;8931;2093;6719;2189;4903;1;34,8
"1214";2025;9;"Urne";"Ostholstein – Stormarn-Nord";106704;629;31399;0;20580;6842;12374;5467;21592;1;29,4
"1215";2025;10;"Brief";"Herzogtum Lauenburg – Stormarn-Süd";58133;167;19174;0;11864;3337;9529;2962;6311;1;33
"1216";2025;10;"Urne";"Herzogtum Lauenburg – Stormarn-Süd";149909;874;42343;0;27998;10918;19321;8128;29245;1;28,2
"1217";2025;11;"Brief";"Lübeck";47559;184;11386;0;10455;4516;10940;1728;4268;1;23,9
"1218";2025;11;"Urne";"Lübeck";95440;645;20651;0;19571;10405;14504;3819;17986;1;21,6
"1219";2025;12;"Brief";"Schwerin – Ludwigslust-Parchim I – Nordwestmecklenburg I";48508;228;10792;0;8805;5932;3637;1476;9746;1;22,2
"1220";2025;12;"Urne";"Schwerin – Ludwigslust-Parchim I – Nordwestmecklenburg I";123333;1189;21417;0;15888;13628;5858;4137;45229;7;36,7
"1221";2025;13;"Brief";"Ludwigslust-Parchim II – Nordwestmecklenburg II – Landkreis Rostock I";46521;167;10234;0;8147;5283;3066;1408;10617;7;22,8
"1222";2025;13;"Urne";"Ludwigslust-Parchim II – Nordwestmecklenburg II – Landkreis Rostock I";116334;964;19570;0;14863;12059;4678;3513;45621;7;39,2
"1223";2025;14;"Brief";"Rostock – Landkreis Rostock II";56346;156;10627;0;9481;10183;6607;1879;8908;1;18,9
"1224";2025;14;"Urne";"Rostock – Landkreis Rostock II";122763;933;19283;0;15887;20560;9322;4178;36704;7;29,9
"1225";2025;15;"Brief";"Vorpommern-Rügen – Vorpommern-Greifswald I";57371;267;12120;0;7387;7858;5223;1895;12849;7;22,4
"1226";2025;15;"Urne";"Vorpommern-Rügen – Vorpommern-Greifswald I";129064;1083;20554;0;11763;15356;6244;4310;52802;7;40,9
"1227";2025;16;"Brief";"Mecklenburgische Seenplatte I – Vorpommern-Greifswald II ";46460;168;10542;0;5909;4988;1855;1626;13221;7;28,5
"1228";2025;16;"Urne";"Mecklenburgische Seenplatte I – Vorpommern-Greifswald II ";121752;1214;18337;0;10396;10835;2866;3625;58267;7;47,9
"1229";2025;17;"Brief";"Mecklenburgische Seenplatte II – Landkreis Rostock III";42182;218;9465;0;6246;4867;2056;1235;10852;7;25,7
"1230";2025;17;"Urne";"Mecklenburgische Seenplatte II – Landkreis Rostock III";118404;1209;19015;0;11915;11510;3307;3396;52545;7;44,4
"1231";2025;18;"Brief";"Hamburg-Mitte";74093;212;13055;0;16392;12818;17978;3113;4719;5;24,3
"1232";2025;18;"Urne";"Hamburg-Mitte";115350;875;16515;0;25396;22963;20182;4643;15102;3;22
"1233";2025;19;"Brief";"Hamburg-Altona";67579;158;14989;0;13931;11032;17248;3194;3014;5;25,5
"1234";2025;19;"Urne";"Hamburg-Altona";91276;511;15885;0;18587;17444;20222;4187;8588;5;22,2
"1235";2025;20;"Brief";"Hamburg-Eimsbüttel";72024;178;16258;0;16166;9250;18659;3466;3443;5;25,9
"1236";2025;20;"Urne";"Hamburg-Eimsbüttel";93688;471;17125;0;20757;14718;20742;4637;9081;3;22,2
"1237";2025;21;"Brief";"Hamburg-Nord";83779;184;24421;0;18985;7414;18620;4846;4492;1;29,1
"1238";2025;21;"Urne";"Hamburg-Nord";106471;494;25021;0;23721;11906;21326;6250;11288;1;23,5
"1239";2025;22;"Brief";"Hamburg-Wandsbek";71400;240;18155;0;18980;6876;11806;2899;6397;3;26,6
"1240";2025;22;"Urne";"Hamburg-Wandsbek";108563;758;21804;0;25531;13646;14161;4442;18882;3;23,5
"1241";2025;23;"Brief";"Hamburg-Bergedorf – Harburg";58959;239;14286;0;15584;7066;8958;1910;6035;3;26,4
"1242";2025;23;"Urne";"Hamburg-Bergedorf – Harburg";107623;865;19421;0;23710;15982;11811;3528;22567;3;22
"1243";2025;24;"Brief";"Aurich – Emden";36573;137;9927;0;11165;2276;3961;1209;4820;3;30,5
"1244";2025;24;"Urne";"Aurich – Emden";119126;879;26080;0;33113;9376;8787;3843;27727;3;27,8
"1245";2025;25;"Brief";"Unterems";45336;158;15522;0;11104;2726;4209;1642;6322;1;34,2
"1246";2025;25;"Urne";"Unterems";152937;892;49121;0;31789;10229;10058;6075;34854;1;32,1
"1247";2025;26;"Brief";"Friesland – Wilhelmshaven – Wittmund";37243;144;11409;0;10380;2078;3891;1466;4648;1;30,6
"1248";2025;26;"Urne";"Friesland – Wilhelmshaven – Wittmund";113563;744;28211;0;27833;8819;8682;4496;25635;1;24,8
"1249";2025;27;"Brief";"Oldenburg – Ammerland";49847;87;12759;0;12684;5061;9636;2280;3728;1;25,6
"1250";2025;27;"Urne";"Oldenburg – Ammerland";144141;714;33317;0;33339;16639;22221;6275;21194;3;23,1
"1251";2025;28;"Brief";"Delmenhorst – Wesermarsch – Oldenburg-Land";40521;104;11960;0;10895;2523;5098;2009;4637;1;29,5
"1252";2025;28;"Urne";"Delmenhorst – Wesermarsch – Oldenburg-Land";144535;862;36143;0;32941;11092;13337;7039;31318;1;25
"1253";2025;29;"Brief";"Cuxhaven – Stade II";37006;86;11970;0;10025;1881;3959;1353;4705;1;32,3
"1254";2025;29;"Urne";"Cuxhaven – Stade II";118159;690;33993;0;27015;7400;9697;4471;26226;1;28,8
"1255";2025;30;"Brief";"Stade I – Rotenburg II";42217;121;13625;0;10709;2595;5754;1555;4761;1;32,3
"1256";2025;30;"Urne";"Stade I – Rotenburg II";124921;644;37433;0;25871;9194;12450;5138;25741;1;30
"1257";2025;31;"Brief";"Mittelems";42106;99;16874;0;9501;2473;4796;1770;3961;1;40,1
"1258";2025;31;"Urne";"Mittelems";157423;820;61133;0;32665;10138;12460;7151;24523;1;38,8
"1259";2025;32;"Brief";"Cloppenburg – Vechta";45162;110;19915;0;7940;2512;4108;2081;5290;1;44,1
"1260";2025;32;"Urne";"Cloppenburg – Vechta";142014;890;53701;0;21113;9006;9169;6351;33064;1;37,8
"1261";2025;33;"Brief";"Diepholz – Nienburg I";39373;100;13070;0;9807;2188;4823;1807;4361;1;33,2
"1262";2025;33;"Urne";"Diepholz – Nienburg I";122721;654;36018;0;27022;8793;11735;5568;23983;1;29,3
"1263";2025;34;"Brief";"Osterholz – Verden";41351;104;12833;0;10403;2553;6093;1711;4364;1;31
"1264";2025;34;"Urne";"Osterholz – Verden";124817;644;33495;0;27612;9504;14359;5232;24819;1;26,8
"1265";2025;35;"Brief";"Rotenburg I – Heidekreis";33203;106;10128;0;9310;1911;3830;1179;4123;1;30,5
"1266";2025;35;"Urne";"Rotenburg I – Heidekreis";106168;666;28811;0;25040;7863;8964;3939;23347;1;27,1
"1267";2025;36;"Brief";"Harburg";46336;121;15491;0;10369;2715;6770;2148;5087;1;33,4
"1268";2025;36;"Urne";"Harburg";128799;585;37539;0;25364;9583;15731;6330;24236;1;29,1
"1269";2025;37;"Brief";"Lüchow-Dannenberg – Lüneburg";43600;129;11401;0;9877;4324;8419;1500;4233;1;26,1
"1270";2025;37;"Urne";"Lüchow-Dannenberg – Lüneburg";111419;547;25739;0;22512;11674;17228;4132;20826;1;23,1
"1271";2025;38;"Brief";"Osnabrück-Land";43336;142;15362;0;10969;2387;5111;1835;4361;1;35,4
"1272";2025;38;"Urne";"Osnabrück-Land";124411;699;38150;0;26139;8513;11333;5355;25848;1;30,7
"1273";2025;39;"Brief";"Stadt Osnabrück";54442;116;15138;0;13643;5734;10518;2262;3453;1;27,8
"1274";2025;39;"Urne";"Stadt Osnabrück";107093;550;27126;0;25712;12069;15153;4388;15089;1;25,3
"1275";2025;40;"Brief";"Nienburg II – Schaumburg";37704;100;11793;0;10257;2070;4472;1287;4748;1;31,3
"1276";2025;40;"Urne";"Nienburg II – Schaumburg";119809;721;31118;0;27836;8165;11078;4649;27504;1;26
"1277";2025;41;"Brief";"Stadt Hannover I";41197;103;10108;0;9966;4300;9079;1714;2970;1;24,5
"1278";2025;41;"Urne";"Stadt Hannover I";102552;693;20488;0;23873;12720;16674;4463;15443;3;23,3
"1279";2025;42;"Brief";"Stadt Hannover II";48195;127;9892;0;10665;7411;12146;1902;2719;5;25,2
"1280";2025;42;"Urne";"Stadt Hannover II";110858;655;19796;0;24243;18692;21504;4234;13692;3;21,9
"1281";2025;43;"Brief";"Hannover-Land I";48667;133;16610;0;12248;2428;6715;2125;5003;1;34,1
"1282";2025;43;"Urne";"Hannover-Land I";143565;848;40289;0;31171;10784;15036;6606;28243;1;28,1
"1283";2025;44;"Brief";"Celle – Uelzen";45543;145;14857;0;10631;2736;5925;1926;5744;1;32,6
"1284";2025;44;"Urne";"Celle – Uelzen";129329;763;36783;0;25694;9457;11865;5578;29634;1;28,4
"1285";2025;45;"Brief";"Gifhorn – Peine";44228;142;13718;0;11788;2313;5386;1660;5532;1;31
"1286";2025;45;"Urne";"Gifhorn – Peine";139623;777;36516;0;31877;9563;12035;5149;33460;1;26,2
"1287";2025;46;"Brief";"Hameln-Pyrmont – Holzminden";40032;131;12340;0;11188;2165;4517;1493;5300;1;30,8
"1288";2025;46;"Urne";"Hameln-Pyrmont – Holzminden";105318;757;26672;0;24364;7453;9079;4190;25312;1;25,3
"1289";2025;47;"Brief";"Hannover-Land II";50261;170;15716;0;13894;2732;7040;1908;5181;1;31,3
"1290";2025;47;"Urne";"Hannover-Land II";147517;894;38272;0;33610;11874;16960;5935;29156;1;25,9
"1291";2025;48;"Brief";"Hildesheim";47025;166;14220;0;12406;3712;6486;1609;5120;1;30,2
"1292";2025;48;"Urne";"Hildesheim";129656;753;33056;0;30204;11037;13817;4925;26622;1;25,5
"1293";2025;49;"Brief";"Salzgitter – Wolfenbüttel";39695;152;12284;0;10836;2659;4443;1390;4943;1;30,9
"1294";2025;49;"Urne";"Salzgitter – Wolfenbüttel";119898;840;29800;0;27815;9696;9382;4228;28895;1;24,9
"1295";2025;50;"Brief";"Braunschweig";52585;123;13414;0;12522;5278;11232;2145;3767;1;25,5
"1296";2025;50;"Urne";"Braunschweig";102817;709;21544;0;22472;12700;16556;4006;16857;3;21,9
"1297";2025;51;"Brief";"Helmstedt – Wolfsburg";37911;151;12051;0;10084;2226;4170;1407;4705;1;31,8
"1298";2025;51;"Urne";"Helmstedt – Wolfsburg";106288;691;27689;0;23219;7374;8054;4017;26510;1;26,1
"1299";2025;52;"Brief";"Goslar – Northeim – Göttingen II";42097;206;13385;0;11461;2512;4375;1571;5213;1;31,8
"1300";2025;52;"Urne";"Goslar – Northeim – Göttingen II";113490;764;29825;0;26992;8204;9089;4545;25717;1;26,3
"1301";2025;53;"Brief";"Göttingen I";50955;151;14204;0;11683;5383;9328;1986;4597;1;27,9
"1302";2025;53;"Urne";"Göttingen I";124598;767;30584;0;26663;14046;18062;4925;20669;1;24,5
"1303";2025;54;"Brief";"Bremen I";70783;181;16988;0;16519;10037;14769;2803;4717;1;24
"1304";2025;54;"Urne";"Bremen I";123978;799;24201;0;25938;20795;21043;4617;18076;3;20,9
"1305";2025;55;"Brief";"Bremen II – Bremerhaven";45053;171;10272;0;12321;5161;6922;1363;5018;3;27,3
"1306";2025;55;"Urne";"Bremen II – Bremerhaven";110552;959;20112;0;25826;15468;11546;3512;24685;3;23,4
"1307";2025;56;"Brief";"Prignitz – Ostprignitz-Ruppin – Havelland I";32780;149;7067;0;6595;3378;2100;804;7127;7;21,7
"1308";2025;56;"Urne";"Prignitz – Ostprignitz-Ruppin – Havelland I";100362;883;15868;0;14431;9535;3689;2552;41167;7;41
"1309";2025;57;"Brief";"Uckermark – Barnim I";40206;197;8043;0;6857;4771;2858;1053;8630;7;21,5
"1310";2025;57;"Urne";"Uckermark – Barnim I";101909;828;14655;0;12653;10708;3973;2692;42136;7;41,3
"1311";2025;58;"Brief";"Oberhavel – Havelland II";67360;296;17560;0;12577;5977;7169;2285;11870;1;26,1
"1312";2025;58;"Urne";"Oberhavel – Havelland II";143779;1000;28033;0;19691;13625;10451;5294;49676;7;34,6
"1313";2025;59;"Brief";"Märkisch-Oderland – Barnim II";61334;251;12748;0;10216;7316;4602;1742;12298;1;20,8
"1314";2025;59;"Urne";"Märkisch-Oderland – Barnim II";131681;935;19651;0;14920;14321;6531;3809;52593;7;39,9
"1315";2025;60;"Brief";"Brandenburg an der Havel – Potsdam-Mittelmark I – Havelland III – Teltow-Fläming I";46111;222;10119;0;9324;4996;3717;1236;8929;1;21,9
"1316";2025;60;"Urne";"Brandenburg an der Havel – Potsdam-Mittelmark I – Havelland III – Teltow-Fläming I";115046;1028;19220;0;18193;12233;5885;3391;41296;7;35,9
"1317";2025;61;"Brief";"Potsdam – Potsdam-Mittelmark II – Teltow-Fläming II";67007;261;14757;0;12850;9156;11070;2777;7379;1;22
"1318";2025;61;"Urne";"Potsdam – Potsdam-Mittelmark II – Teltow-Fläming II";133719;829;23534;0;21188;20251;18046;5823;29543;7;22,1
"1319";2025;62;"Brief";"Dahme-Spreewald – Teltow-Fläming III";58294;276;13854;0;10610;5919;4705;1989;11350;1;23,8
"1320";2025;62;"Urne";"Dahme-Spreewald – Teltow-Fläming III";142454;1122;25227;0;18698;14481;7726;4981;52643;7;37
"1321";2025;63;"Brief";"Frankfurt (Oder) – Oder-Spree";38505;184;7948;0;7060;4404;2728;1177;7459;1;20,6
"1322";2025;63;"Urne";"Frankfurt (Oder) – Oder-Spree";111268;908;16793;0;13109;11368;4340;3500;45206;7;40,6
"1323";2025;64;"Brief";"Cottbus – Spree-Neiße";39061;224;8019;0;7297;3955;2298;1214;8956;7;22,9
"1324";2025;64;"Urne";"Cottbus – Spree-Neiße";93317;748;12913;0;11052;8189;2977;3035;42357;7;45,4
"1325";2025;65;"Brief";"Elbe-Elster – Oberspreewald-Lausitz";33499;160;7015;0;5549;3096;1338;1029;8808;7;26,3
"1326";2025;65;"Urne";"Elbe-Elster – Oberspreewald-Lausitz";100989;842;15024;0;11140;8545;2395;3084;45852;7;45,4
"1327";2025;66;"Brief";"Altmark – Jerichower Land";43204;192;10449;0;6558;4407;2201;1288;10115;1;24,2
"1328";2025;66;"Urne";"Altmark – Jerichower Land";135272;1118;23715;0;14102;14241;3716;4081;56060;7;41,4
"1329";2025;67;"Brief";"Börde – Salzlandkreis";42219;217;10401;0;5875;3814;1758;1257;11265;7;26,7
"1330";2025;67;"Urne";"Börde – Salzlandkreis";128214;1254;21952;0;11698;11528;2704;3685;58895;7;45,9
"1331";2025;68;"Brief";"Harz";40713;189;10255;0;6380;4115;2355;1166;8566;1;25,2
"1332";2025;68;"Urne";"Harz";113320;1022;19649;0;11218;11372;3503;3012;47924;7;42,3
"1333";2025;69;"Brief";"Magdeburg";57010;243;12666;0;8918;7749;5453;1728;9748;1;22,2
"1334";2025;69;"Urne";"Magdeburg";117458;998;19539;0;12947;15475;6818;3503;42881;7;36,5
"1335";2025;70;"Brief";"Anhalt – Dessau – Wittenberg";45968;240;12451;0;6366;4449;2712;1290;10320;1;27,1
"1336";2025;70;"Urne";"Anhalt – Dessau – Wittenberg";130334;1040;25129;0;12017;12205;4117;3823;55231;7;42,4
"1337";2025;71;"Brief";"Halle";51648;233;10671;0;7599;8695;6092;1800;8519;1;20,7
"1338";2025;71;"Urne";"Halle";121951;1088;20461;0;13195;17745;9090;4259;40828;7;33,5
"1339";2025;72;"Brief";"Burgenland – Saalekreis";40966;215;10313;0;5032;3704;1816;1383;10689;7;26,1
"1340";2025;72;"Urne";"Burgenland – Saalekreis";116377;911;19078;0;9138;9820;2768;3745;55448;7;47,6
"1341";2025;73;"Brief";"Mansfeld";39823;223;9355;0;5155;3856;1466;1371;11058;7;27,8
"1342";2025;73;"Urne";"Mansfeld";123360;1305;20454;0;10337;10632;2508;3860;58563;7;47,5
"1343";2025;74;"Brief";"Berlin-Mitte";63639;159;9677;0;9356;16144;16204;2728;3656;5;25,5
"1344";2025;74;"Urne";"Berlin-Mitte";98226;720;12001;0;14833;27470;18716;3694;10635;4;28
"1345";2025;75;"Brief";"Berlin-Pankow";85686;295;13870;0;12195;18429;19079;2763;8251;5;22,3
"1346";2025;75;"Urne";"Berlin-Pankow";113386;637;14758;0;13851;24751;19740;3792;22836;4;21,8
"1347";2025;76;"Brief";"Berlin-Reinickendorf";51115;251;15831;0;9381;5124;7328;2220;6016;1;31
"1348";2025;76;"Urne";"Berlin-Reinickendorf";83011;805;19338;0;13616;10605;9746;3766;17108;1;23,3
"1349";2025;77;"Brief";"Berlin-Spandau – Charlottenburg Nord";46549;240;13139;0;9185;5207;6214;1892;5803;1;28,2
"1350";2025;77;"Urne";"Berlin-Spandau – Charlottenburg Nord";86760;899;18301;0;15111;11864;8411;3316;19502;7;22,5
"1351";2025;78;"Brief";"Berlin-Steglitz-Zehlendorf";80507;252;24329;0;15548;8004;16637;4577;5456;1;30,2
"1352";2025;78;"Urne";"Berlin-Steglitz-Zehlendorf";101376;567;24171;0;17441;12718;19211;6173;13222;1;23,8
"1353";2025;79;"Brief";"Berlin-Charlottenburg-Wilmersdorf";70053;182;18037;0;12718;9190;16589;4322;4230;1;25,7
"1354";2025;79;"Urne";"Berlin-Charlottenburg-Wilmersdorf";92234;547;19295;0;16211;14279;18533;6013;10099;1;20,9
"1355";2025;80;"Brief";"Berlin-Tempelhof-Schöneberg";79375;297;18815;0;14684;12200;17847;2988;5782;1;23,7
"1356";2025;80;"Urne";"Berlin-Tempelhof-Schöneberg";107463;858;20049;0;18166;19920;19062;4157;15204;1;18,7
"1357";2025;81;"Brief";"Berlin-Neukölln";58329;243;11863;0;9368;14055;10840;1498;5026;4;24,1
"1358";2025;81;"Urne";"Berlin-Neukölln";87907;824;14320;0;13485;22631;11420;2535;13848;4;25,7
"1359";2025;82;"Brief";"Berlin-Friedrichshain-Kreuzberg – Prenzlauer Berg Ost";74211;141;7591;0;9901;22170;21918;2062;3391;4;29,9
"1360";2025;82;"Urne";"Berlin-Friedrichshain-Kreuzberg – Prenzlauer Berg Ost";106658;594;9131;0;14237;34887;24702;2948;9595;4;32,7
"1361";2025;83;"Brief";"Berlin-Treptow-Köpenick";61092;233;10763;0;8926;13118;8768;1764;8259;4;21,5
"1362";2025;83;"Urne";"Berlin-Treptow-Köpenick";108710;786;15095;0;12477;23491;11458;3185;28151;7;25,9
"1363";2025;84;"Brief";"Berlin-Marzahn-Hellersdorf";51188;228;10150;0;6853;9153;3925;1325;10099;1;19,8
"1364";2025;84;"Urne";"Berlin-Marzahn-Hellersdorf";98305;822;14345;0;9308;15608;4988;2481;36186;7;36,8
"1365";2025;85;"Brief";"Berlin-Lichtenberg";56623;202;8649;0;7790;13846;7488;1413;7788;4;24,5
"1366";2025;85;"Urne";"Berlin-Lichtenberg";98774;862;12581;0;10541;22358;9211;2464;26847;7;27,2
"1367";2025;86;"Brief";"Aachen I";56294;125;15084;0;9982;6303;15613;2738;3120;5;27,7
"1368";2025;86;"Urne";"Aachen I";87559;746;19095;0;15224;12096;19156;4131;10769;5;21,9
"1369";2025;87;"Brief";"Aachen II";68283;241;25109;0;15363;3422;7269;2808;8477;1;36,8
"1370";2025;87;"Urne";"Aachen II";114078;1135;31980;0;22537;8884;9733;4791;26118;1;28
"1371";2025;88;"Brief";"Heinsberg";51273;201;20756;0;9497;2673;5207;2120;6328;1;40,5
"1372";2025;88;"Urne";"Heinsberg";105877;917;34215;0;17166;7183;8416;4396;25080;1;32,3
"1373";2025;89;"Brief";"Düren";64255;308;24855;0;12947;3183;5946;2811;8630;1;38,7
"1374";2025;89;"Urne";"Düren";100297;825;29628;0;17359;7315;7897;4195;24887;1;29,5
"1375";2025;90;"Brief";"Rhein-Erft-Kreis I";79034;300;28498;0;16452;4470;9818;3888;8984;1;36,1
"1376";2025;90;"Urne";"Rhein-Erft-Kreis I";128117;864;36649;0;24151;10347;14032;6396;25414;1;28,6
"1377";2025;91;"Brief";"Euskirchen – Rhein-Erft-Kreis II";82454;263;31742;0;15927;4129;9967;3828;9631;1;38,5
"1378";2025;91;"Urne";"Euskirchen – Rhein-Erft-Kreis II";125118;935;37998;0;20570;8831;12545;6077;28250;1;30,4
"1379";2025;92;"Brief";"Köln I";68451;246;17280;0;14009;8921;13619;2870;5683;1;25,2
"1380";2025;92;"Urne";"Köln I";84659;630;16654;0;15766;13795;13655;3537;13170;1;19,7
"1381";2025;93;"Brief";"Köln II";102261;233;28033;0;18341;12338;26884;5988;4634;1;27,4
"1382";2025;93;"Urne";"Köln II";112339;446;25393;0;19575;16424;28201;6945;8810;5;25,1
"1383";2025;94;"Brief";"Köln III";73554;175;16059;0;15208;10696;17534;2437;5609;5;23,8
"1384";2025;94;"Urne";"Köln III";95582;607;16464;0;18287;16806;19235;3278;13252;5;20,1
"1385";2025;95;"Brief";"Bonn";72007;179;21499;0;12937;7465;18060;3756;3928;1;29,9
"1386";2025;95;"Urne";"Bonn";121692;797;28914;0;21141;16529;26076;6239;13258;1;23,8
"1387";2025;96;"Brief";"Rhein-Sieg-Kreis I";77251;235;28042;0;15154;4034;10907;3733;8562;1;36,3
"1388";2025;96;"Urne";"Rhein-Sieg-Kreis I";122096;833;35261;0;20329;9412;13876;6175;25891;1;28,9
"1389";2025;97;"Brief";"Rhein-Sieg-Kreis II";72685;217;28857;0;12952;3812;11225;3967;6501;1;39,7
"1390";2025;97;"Urne";"Rhein-Sieg-Kreis II";110478;665;34860;0;17381;8076;15575;6294;19535;1;31,6
"1391";2025;98;"Brief";"Oberbergischer Kreis";55773;206;20444;0;11152;2783;6277;2633;7044;1;36,7
"1392";2025;98;"Urne";"Oberbergischer Kreis";114046;1004;32963;0;18808;7815;9758;5138;28678;1;28,9
"1393";2025;99;"Brief";"Rheinisch-Bergischer Kreis";71608;192;26556;0;13990;3744;11611;3949;6261;1;37,1
"1394";2025;99;"Urne";"Rheinisch-Bergischer Kreis";112704;670;35419;0;19938;8228;15972;6250;18078;1;31,4
"1395";2025;100;"Brief";"Leverkusen – Köln IV";60648;209;16884;0;13832;5911;10106;2254;6033;1;27,8
"1396";2025;100;"Urne";"Leverkusen – Köln IV";104718;823;23566;0;21039;13226;13249;4164;19359;1;22,5
"1397";2025;101;"Brief";"Wuppertal I";41071;113;11725;0;9286;3781;6407;1743;4460;1;28,5
"1398";2025;101;"Urne";"Wuppertal I";112043;850;24104;0;21418;14827;12758;4543;22839;1;21,5
"1399";2025;102;"Brief";"Solingen – Remscheid – Wuppertal II";51760;157;17396;0;11684;3198;6839;2356;5754;1;33,6
"1400";2025;102;"Urne";"Solingen – Remscheid – Wuppertal II";121896;925;31733;0;22995;11342;12483;5815;25785;1;26
"1401";2025;103;"Brief";"Mettmann I";62562;195;23413;0;12824;3112;9067;3339;5878;1;37,4
"1402";2025;103;"Urne";"Mettmann I";105025;688;30103;0;18658;8394;12217;6080;20043;1;28,7
"1403";2025;104;"Brief";"Mettmann II";45214;158;17261;0;9527;2252;5707;2293;4620;1;38,2
"1404";2025;104;"Urne";"Mettmann II";84633;594;24096;0;15567;6907;8810;4524;17111;1;28,5
"1405";2025;105;"Brief";"Düsseldorf I";77625;147;26608;0;13200;6203;15200;6094;5129;1;34,3
"1406";2025;105;"Urne";"Düsseldorf I";109432;616;29853;0;18867;11528;18853;8452;13407;1;27,3
"1407";2025;106;"Brief";"Düsseldorf II";58890;134;16809;0;11534;5840;11528;3212;4938;1;28,5
"1408";2025;106;"Urne";"Düsseldorf II";93018;622;21197;0;17001;11960;14252;5024;14668;1;22,8
"1409";2025;107;"Brief";"Neuss I";64814;184;24777;0;12821;3583;7816;3394;7007;1;38,2
"1410";2025;107;"Urne";"Neuss I";108347;796;31823;0;19236;9198;10623;5625;22140;1;29,4
"1411";2025;108;"Brief";"Mönchengladbach";43574;169;15779;0;8559;3370;5269;2001;4709;1;36,2
"1412";2025;108;"Urne";"Mönchengladbach";96489;778;26746;0;17482;9836;8575;4323;20416;1;27,7
"1413";2025;109;"Brief";"Krefeld I – Neuss II";56721;202;22203;0;10530;3012;7725;3384;5307;1;39,1
"1414";2025;109;"Urne";"Krefeld I – Neuss II";107429;704;33427;0;19042;8465;12282;6723;18579;1;31,1
"1415";2025;110;"Brief";"Viersen";67599;291;26479;0;13043;3566;8846;3500;6508;1;39,2
"1416";2025;110;"Urne";"Viersen";118235;821;37749;0;20601;8309;12239;6539;22804;1;31,9
"1417";2025;111;"Brief";"Kleve";74687;225;30728;0;14910;3971;8869;3198;7304;1;41,1
"1418";2025;111;"Urne";"Kleve";107688;835;35486;0;19093;7654;10117;4902;21792;1;33
"1419";2025;112;"Brief";"Wesel I";58029;164;20888;0;14618;2988;6490;2367;6068;1;36
"1420";2025;112;"Urne";"Wesel I";112404;777;32473;0;24669;8162;9601;4838;23338;1;28,9
"1421";2025;113;"Brief";"Krefeld II – Wesel II";45506;133;15542;0;10881;2650;5921;2168;4547;1;34,2
"1422";2025;113;"Urne";"Krefeld II – Wesel II";94716;698;24652;0;20331;8560;9447;4461;18656;1;26
"1423";2025;114;"Brief";"Duisburg I";42679;188;11609;0;11830;3257;5560;1413;4800;3;27,7
"1424";2025;114;"Urne";"Duisburg I";84491;674;17385;0;20638;9892;7910;2815;17067;3;24,4
"1425";2025;115;"Brief";"Duisburg II";31933;226;7879;0;9187;2411;2806;882;5299;3;28,8
"1426";2025;115;"Urne";"Duisburg II";79914;869;13641;0;18845;9861;4462;2066;22129;7;27,7
"1427";2025;116;"Brief";"Oberhausen – Wesel III";50492;241;15086;0;14507;2989;5487;1674;6127;1;29,9
"1428";2025;116;"Urne";"Oberhausen – Wesel III";105322;764;23521;0;24460;9781;8272;3571;25438;7;24,2
"1429";2025;117;"Brief";"Mülheim – Essen I";47277;150;15384;0;11940;2945;6163;1938;5050;1;32,5
"1430";2025;117;"Urne";"Mülheim – Essen I";98356;610;25305;0;22263;8415;9764;4251;19645;1;25,7
"1431";2025;118;"Brief";"Essen II";35482;133;9456;0;8999;3136;4163;1052;5046;1;26,7
"1432";2025;118;"Urne";"Essen II";78684;713;15821;0;17238;8936;6011;2308;19865;7;25,2
"1433";2025;119;"Brief";"Essen III";58738;207;19353;0;12821;4438;10330;2708;4621;1;32,9
"1434";2025;119;"Urne";"Essen III";98828;466;27034;0;20363;9741;14987;5002;14408;1;27,4
"1435";2025;120;"Brief";"Recklinghausen I";45806;154;14878;0;11757;2579;5445;1458;5807;1;32,5
"1436";2025;120;"Urne";"Recklinghausen I";83228;569;20253;0;18129;7043;7001;3123;20068;1;24,3
"1437";2025;121;"Brief";"Recklinghausen II";52631;203;18106;0;13714;2529;5597;1727;6715;1;34,4
"1438";2025;121;"Urne";"Recklinghausen II";94831;692;24067;0;20559;7192;7224;3444;24009;1;25,4
"1439";2025;122;"Brief";"Gelsenkirchen";36416;187;10737;0;10149;2335;3131;1049;5677;1;29,5
"1440";2025;122;"Urne";"Gelsenkirchen";86260;713;16928;0;19193;9150;4813;2633;24355;7;28,2
"1441";2025;123;"Brief";"Steinfurt I – Borken I";55748;179;24467;0;10943;2674;6871;2263;4716;1;43,9
"1442";2025;123;"Urne";"Steinfurt I – Borken I";112887;704;40633;0;20231;7962;10700;4807;20163;1;36
"1443";2025;124;"Brief";"Bottrop – Recklinghausen III";49435;214;17441;0;12670;2282;5090;1624;6163;1;35,3
"1444";2025;124;"Urne";"Bottrop – Recklinghausen III";108524;768;28512;0;23610;8230;8074;3798;26607;1;26,3
"1445";2025;125;"Brief";"Borken II";58016;168;26927;0;10646;2508;7172;2305;4671;1;46,4
"1446";2025;125;"Urne";"Borken II";114482;651;45818;0;19190;6850;11131;5266;18158;1;40
"1447";2025;126;"Brief";"Coesfeld – Steinfurt II";68367;173;30234;0;12842;3081;9807;2711;5377;1;44,2
"1448";2025;126;"Urne";"Coesfeld – Steinfurt II";101304;575;37657;0;17389;6140;13034;4448;15991;1;37,2
"1449";2025;127;"Brief";"Steinfurt III";48252;148;18227;0;11427;2435;7090;1813;3974;1;37,8
"1450";2025;127;"Urne";"Steinfurt III";117310;725;36322;0;25051;8177;12816;4759;20985;1;31
"1451";2025;128;"Brief";"Münster";92704;226;25567;0;16982;10495;26799;4234;3573;5;28,9
"1452";2025;128;"Urne";"Münster";115287;542;27746;0;20455;15432;28345;5395;10637;5;24,6
"1453";2025;129;"Brief";"Warendorf";63506;160;26521;0;12861;3116;8073;2531;5849;1;41,8
"1454";2025;129;"Urne";"Warendorf";112420;838;37571;0;19672;7830;11642;4602;22106;1;33,4
"1455";2025;130;"Brief";"Gütersloh I";63414;244;24103;0;12699;3249;8704;2821;6784;1;38
"1456";2025;130;"Urne";"Gütersloh I";129255;1053;39799;0;21965;8990;13485;5656;28328;1;30,8
"1457";2025;131;"Brief";"Bielefeld – Gütersloh II";67872;188;18379;0;14642;7685;13408;2846;5541;1;27,1
"1458";2025;131;"Urne";"Bielefeld – Gütersloh II";129101;901;27335;0;25197;18125;18966;5322;22602;1;21,2
"1459";2025;132;"Brief";"Herford – Minden-Lübbecke II";61644;216;20396;0;15159;3428;6885;2561;7818;1;33,1
"1460";2025;132;"Urne";"Herford – Minden-Lübbecke II";120106;1000;29732;0;23642;9425;10623;4888;30615;7;25,5
"1461";2025;133;"Brief";"Minden-Lübbecke I";53460;181;16854;0;13505;3155;6037;2356;6895;1;31,5
"1462";2025;133;"Urne";"Minden-Lübbecke I";109963;1023;27740;0;22421;7606;9342;4428;28389;7;25,8
"1463";2025;134;"Brief";"Lippe I";61864;194;19493;0;14888;3693;7849;2715;7825;1;31,5
"1464";2025;134;"Urne";"Lippe I";120815;1130;29711;0;23038;8631;11396;4998;31692;7;26,2
"1465";2025;135;"Brief";"Höxter – Gütersloh III – Lippe II";44705;213;18105;0;8512;2151;4602;1901;5652;1;40,5
"1466";2025;135;"Urne";"Höxter – Gütersloh III – Lippe II";97180;893;33215;0;15369;5754;7155;4175;23393;1;34,2
"1467";2025;136;"Brief";"Paderborn";72027;177;29990;0;10949;4777;10261;2955;7742;1;41,6
"1468";2025;136;"Urne";"Paderborn";120310;895;41383;0;15359;8773;11737;5094;28491;1;34,4
"1469";2025;137;"Brief";"Hagen – Ennepe-Ruhr-Kreis I";51593;177;17607;0;12307;2801;5423;1888;6742;1;34,1
"1470";2025;137;"Urne";"Hagen – Ennepe-Ruhr-Kreis I";102674;795;25872;0;20468;9103;8070;4022;25352;1;25,2
"1471";2025;138;"Brief";"Ennepe-Ruhr-Kreis II";50630;188;15653;0;13594;3080;7087;1977;5083;1;30,9
"1472";2025;138;"Urne";"Ennepe-Ruhr-Kreis II";92228;629;23151;0;20136;7580;10726;3810;18730;1;25,1
"1473";2025;139;"Brief";"Bochum I";62018;210;16816;0;16031;6033;10755;2225;5426;1;27,1
"1474";2025;139;"Urne";"Bochum I";101487;664;21441;0;23333;13620;13466;3716;17057;3;23
"1475";2025;140;"Brief";"Herne – Bochum II";41648;184;11394;0;12192;2928;4650;1168;5429;3;29,3
"1476";2025;140;"Urne";"Herne – Bochum II";90519;819;18446;0;21717;9648;7069;2725;22024;7;24,3
"1477";2025;141;"Brief";"Dortmund I";64815;214;16379;0;15984;6511;11373;2377;6747;1;25,3
"1478";2025;141;"Urne";"Dortmund I";100623;729;19967;0;21877;12949;13807;3536;19105;3;21,7
"1479";2025;142;"Brief";"Dortmund II";56414;174;15567;0;15144;4302;7538;1904;6810;1;27,6
"1480";2025;142;"Urne";"Dortmund II";97894;804;20458;0;22367;11314;9753;3502;20787;3;22,8
"1481";2025;143;"Brief";"Unna I";50300;184;16152;0;14045;2585;6294;1719;5398;1;32,1
"1482";2025;143;"Urne";"Unna I";107167;788;26693;0;24593;8684;9982;3718;24007;1;24,9
"1483";2025;144;"Brief";"Hamm – Unna II";58131;170;20028;0;14792;3230;6053;1917;7141;1;34,5
"1484";2025;144;"Urne";"Hamm – Unna II";123793;975;31231;0;27057;10315;8724;4181;30952;1;25,2
"1485";2025;145;"Brief";"Soest";70382;207;28480;0;14362;3556;8165;2860;7619;1;40,5
"1486";2025;145;"Urne";"Soest";120084;789;37881;0;20472;8021;10873;4821;28204;1;31,5
"1487";2025;146;"Brief";"Hochsauerlandkreis";66143;195;31940;0;11957;2788;5435;2419;6801;1;48,3
"1488";2025;146;"Urne";"Hochsauerlandkreis";98863;627;39674;0;14918;5985;6590;3818;20652;1;40,1
"1489";2025;147;"Brief";"Siegen-Wittgenstein";62807;193;22886;0;14127;3734;5985;2500;8140;1;36,4
"1490";2025;147;"Urne";"Siegen-Wittgenstein";105267;669;29881;0;19188;8365;8353;4130;25767;1;28,4
"1491";2025;148;"Brief";"Olpe – Märkischer Kreis I";69563;230;31790;0;12858;2788;5693;2756;8609;1;45,7
"1492";2025;148;"Urne";"Olpe – Märkischer Kreis I";93731;757;31327;0;13830;6113;6023;3660;24680;1;33,4
"1493";2025;149;"Brief";"Märkischer Kreis II";55143;173;22854;0;11432;2577;5035;2051;6813;1;41,4
"1494";2025;149;"Urne";"Märkischer Kreis II";97899;721;28931;0;16356;7710;6399;3976;25660;1;29,6
"1495";2025;150;"Brief";"Nordsachsen";35511;159;9614;0;3879;2970;1868;1132;9812;7;27,6
"1496";2025;150;"Urne";"Nordsachsen";91394;692;16557;0;6681;7111;2440;2880;44099;7;48,3
"1497";2025;151;"Brief";"Leipzig I";65508;183;12690;0;7545;15513;9387;1984;9462;4;23,7
"1498";2025;151;"Urne";"Leipzig I";118424;749;19211;0;10911;23000;10360;3842;36826;7;31,1
"1499";2025;152;"Brief";"Leipzig II";77316;175;13217;0;9767;19351;15706;2311;8030;4;25
"1500";2025;152;"Urne";"Leipzig II";118664;562;17536;0;12166;27343;16011;3819;28395;7;23,9
"1501";2025;153;"Brief";"Leipzig-Land";48894;174;13669;0;5543;4470;3379;1787;11762;1;28
"1502";2025;153;"Urne";"Leipzig-Land";123350;890;24444;0;9555;10534;4490;4067;54105;7;43,9
"1503";2025;154;"Brief";"Meißen";48437;192;12985;0;4623;4109;3408;2100;13068;7;27
"1504";2025;154;"Urne";"Meißen";108747;756;18198;0;6402;8127;3721;3819;55083;7;50,7
"1505";2025;155;"Brief";"Bautzen I";39372;156;10431;0;3562;3539;1952;1382;11524;7;29,3
"1506";2025;155;"Urne";"Bautzen I";122402;991;21759;0;6811;8929;2740;3620;62388;7;51
"1507";2025;156;"Brief";"Görlitz";41015;202;11064;0;3637;3704;2250;1314;11891;7;29
"1508";2025;156;"Urne";"Görlitz";114042;915;19343;0;6178;8196;2910;3170;59964;7;52,6
"1509";2025;157;"Brief";"Sächsische Schweiz-Osterzgebirge";44253;156;11641;0;3927;3647;2913;1664;12902;7;29,2
"1510";2025;157;"Urne";"Sächsische Schweiz-Osterzgebirge";116119;799;19179;0;5578;8069;3405;3506;61272;7;52,8
"1511";2025;158;"Brief";"Dresden I";76443;206;17832;0;9021;11263;12047;2969;12117;1;23,3
"1512";2025;158;"Urne";"Dresden I";108479;640;18753;0;9220;14182;10498;4113;38269;7;35,3
"1513";2025;159;"Brief";"Dresden II – Bautzen II";80094;236;16729;0;8351;14297;13756;2789;12812;1;20,9
"1514";2025;159;"Urne";"Dresden II – Bautzen II";116239;641;18577;0;8250;16704;11761;4158;43088;7;37,1
"1515";2025;160;"Brief";"Mittelsachsen";41342;160;10884;0;4294;3635;2328;1439;11579;7;28
"1516";2025;160;"Urne";"Mittelsachsen";107012;707;19519;0;6851;8165;2844;3237;52515;7;49,1
"1517";2025;161;"Brief";"Chemnitz";47644;165;11587;0;6873;5932;4388;1465;8990;1;24,3
"1518";2025;161;"Urne";"Chemnitz";97277;527;16414;0;9115;11716;5191;3059;38122;7;39,2
"1519";2025;162;"Brief";"Chemnitzer Umland – Erzgebirgskreis II";39133;150;10565;0;4317;3219;1892;1363;10422;1;27
"1520";2025;162;"Urne";"Chemnitzer Umland – Erzgebirgskreis II";100922;700;18973;0;7582;7645;2631;3053;46817;7;46,4
"1521";2025;163;"Brief";"Erzgebirgskreis I";44964;233;11972;0;3964;3489;1558;1474;14099;7;31,4
"1522";2025;163;"Urne";"Erzgebirgskreis I";119356;1270;21612;0;6776;7871;2088;3324;61054;7;51,2
"1523";2025;164;"Brief";"Zwickau";41321;194;11212;0;4723;3550;2094;1306;11007;1;27,1
"1524";2025;164;"Urne";"Zwickau";109517;766;20674;0;8654;9247;2816;3194;49788;7;45,5
"1525";2025;165;"Brief";"Vogtlandkreis";43731;165;11925;0;4937;3578;2067;1353;11725;1;27,3
"1526";2025;165;"Urne";"Vogtlandkreis";97855;694;18481;0;7451;7357;2370;2743;45414;7;46,4
"1527";2025;166;"Brief";"Waldeck";51385;359;16693;0;13115;2660;5115;1961;6817;1;32,5
"1528";2025;166;"Urne";"Waldeck";98697;1011;26084;0;20880;6456;7603;3960;24543;1;26,4
"1529";2025;167;"Brief";"Kassel";62795;415;16182;0;15226;6855;10823;2172;5782;1;25,8
"1530";2025;167;"Urne";"Kassel";112370;1156;22807;0;23540;14475;14403;4066;21577;3;20,9
"1531";2025;168;"Brief";"Werra-Meißner – Hersfeld-Rotenburg";47741;351;15424;0;11732;2566;4027;1741;7269;1;32,3
"1532";2025;168;"Urne";"Werra-Meißner – Hersfeld-Rotenburg";90866;1068;23560;0;18715;6004;5921;3511;24588;7;27,1
"1533";2025;169;"Brief";"Schwalm-Eder";51111;388;15765;0;12750;2487;4631;1977;8100;1;30,8
"1534";2025;169;"Urne";"Schwalm-Eder";102478;1160;25914;0;21313;6138;7244;4194;28010;7;27,3
"1535";2025;170;"Brief";"Marburg";51050;195;14675;0;11279;5340;8157;1877;5771;1;28,7
"1536";2025;170;"Urne";"Marburg";101303;772;25124;0;19825;10666;11442;4033;21750;1;24,8
"1537";2025;171;"Brief";"Lahn-Dill";54512;316;18957;0;11553;2934;5767;2151;8000;1;34,8
"1538";2025;171;"Urne";"Lahn-Dill";111537;1057;30710;0;19531;7998;8700;4549;29485;1;27,5
"1539";2025;172;"Brief";"Gießen";62467;287;18442;0;12837;5777;9304;2600;7420;1;29,5
"1540";2025;172;"Urne";"Gießen";116189;1121;28634;0;20397;11582;12622;4810;26497;1;24,6
"1541";2025;173;"Brief";"Fulda";59978;268;25073;0;8397;2980;5673;2922;9373;1;41,8
"1542";2025;173;"Urne";"Fulda";114970;1002;40170;0;13903;6113;7522;5595;31578;1;34,9
"1543";2025;174;"Brief";"Main-Kinzig – Wetterau II – Schotten";52430;326;18361;0;9401;2572;5437;2269;8834;1;35
"1544";2025;174;"Urne";"Main-Kinzig – Wetterau II – Schotten";94484;961;26110;0;14346;5785;7387;4506;27337;7;28,9
"1545";2025;175;"Brief";"Hochtaunus";58769;340;22203;0;10263;3003;8278;3825;6412;1;37,8
"1546";2025;175;"Urne";"Hochtaunus";93936;661;28731;0;14988;6350;11536;6138;18443;1;30,6
"1547";2025;176;"Brief";"Wetterau I";56321;345;19410;0;10589;3185;8127;2837;6715;1;34,5
"1548";2025;176;"Urne";"Wetterau I";93475;818;26294;0;15555;7413;11559;5126;19113;1;28,1
"1549";2025;177;"Brief";"Rheingau-Taunus – Limburg";71835;358;27110;0;12771;3702;9533;3846;8604;1;37,7
"1550";2025;177;"Urne";"Rheingau-Taunus – Limburg";110947;843;33587;0;18069;7751;12608;6331;23343;1;30,3
"1551";2025;178;"Brief";"Wiesbaden";57609;256;17901;0;10532;5200;10765;3161;5023;1;31,1
"1552";2025;178;"Urne";"Wiesbaden";90606;750;21289;0;15179;11739;12729;5073;15714;1;23,5
"1553";2025;179;"Brief";"Hanau";47274;284;15671;0;9296;3046;6097;2158;6237;1;33,1
"1554";2025;179;"Urne";"Hanau";96155;885;25207;0;16753;9123;9385;4866;21172;1;26,2
"1555";2025;180;"Brief";"Main-Taunus";64362;291;25619;0;10272;3141;10119;4534;5716;1;39,8
"1556";2025;180;"Urne";"Main-Taunus";101523;737;32278;0;15566;7760;13770;7656;16178;1;31,8
"1557";2025;181;"Brief";"Frankfurt am Main I";58241;186;16197;0;9289;6904;12581;4193;4279;1;27,8
"1558";2025;181;"Urne";"Frankfurt am Main I";101938;973;21187;0;17900;17572;16116;6348;12813;1;20,8
"1559";2025;182;"Brief";"Frankfurt am Main II";74872;246;21198;0;12372;7992;17610;5084;4980;1;28,3
"1560";2025;182;"Urne";"Frankfurt am Main II";116660;854;26247;0;20379;17769;21845;7447;12814;1;22,5
"1561";2025;183;"Brief";"Groß-Gerau";50046;307;15731;0;10754;3440;6535;2192;6106;1;31,4
"1562";2025;183;"Urne";"Groß-Gerau";90634;946;22169;0;17222;10436;9296;4075;17502;1;24,5
"1563";2025;184;"Brief";"Offenbach";58780;303;19132;0;10689;5110;8861;3127;6073;1;32,5
"1564";2025;184;"Urne";"Offenbach";115593;1105;28842;0;19489;14783;13785;6233;20159;1;25
"1565";2025;185;"Brief";"Darmstadt";76917;320;20856;0;15241;7066;16262;3612;7069;1;27,1
"1566";2025;185;"Urne";"Darmstadt";126070;932;27864;0;22127;15475;22233;6052;20374;1;22,1
"1567";2025;186;"Brief";"Odenwald";75835;530;26694;0;14816;4193;9336;3569;9590;1;35,2
"1568";2025;186;"Urne";"Odenwald";118996;1087;32644;0;20220;9546;12420;5971;26647;1;27,4
"1569";2025;187;"Brief";"Bergstraße";61015;354;21893;0;11283;2905;7605;2989;8401;1;35,9
"1570";2025;187;"Urne";"Bergstraße";103862;876;29203;0;17156;7066;10741;5486;24570;1;28,1
"1571";2025;188;"Brief";"Eichsfeld – Nordhausen – Kyffhäuserkreis";40126;179;11595;0;4461;6693;1702;1134;9340;1;28,9
"1572";2025;188;"Urne";"Eichsfeld – Nordhausen – Kyffhäuserkreis";125747;981;26850;0;9633;15201;2727;3751;54806;7;43,6
"1573";2025;189;"Brief";"Eisenach – Wartburgkreis – Unstrut-Hainich-Kreis";40686;195;9921;0;5145;6753;1869;1023;9965;7;24,5
"1574";2025;189;"Urne";"Eisenach – Wartburgkreis – Unstrut-Hainich-Kreis";119269;1052;21297;0;9681;14010;2864;3030;54096;7;45,4
"1575";2025;190;"Brief";"Jena – Sömmerda – Weimarer Land I";47083;178;9562;0;5399;10782;5355;1393;8263;4;22,9
"1576";2025;190;"Urne";"Jena – Sömmerda – Weimarer Land I";114124;748;18237;0;9097;19136;6802;3528;43757;7;38,3
"1577";2025;191;"Brief";"Gotha – Ilm-Kreis";35550;172;7905;0;4214;6580;1781;885;8943;7;25,2
"1578";2025;191;"Urne";"Gotha – Ilm-Kreis";112435;985;18003;0;8744;15385;3370;3019;50614;7;45
"1579";2025;192;"Brief";"Erfurt – Weimar – Weimarer Land II";51827;175;10624;0;6784;12222;6295;1370;7831;4;23,6
"1580";2025;192;"Urne";"Erfurt – Weimar – Weimarer Land II";124113;920;20090;0;11623;26445;9018;3665;39168;7;31,6
"1581";2025;193;"Brief";"Gera – Greiz – Altenburger Land";40626;227;9785;0;4332;6781;1660;1164;10777;7;26,5
"1582";2025;193;"Urne";"Gera – Greiz – Altenburger Land";133074;1112;20845;0;9290;15669;3264;3972;63984;7;48,1
"1583";2025;194;"Brief";"Saalfeld-Rudolstadt – Saale-Holzland-Kreis – Saale-Orla-Kreis";41101;189;9775;0;4225;7054;1753;1090;10644;7;25,9
"1584";2025;194;"Urne";"Saalfeld-Rudolstadt – Saale-Holzland-Kreis – Saale-Orla-Kreis";131501;972;20981;0;8682;16025;3303;3721;62933;7;47,9
"1585";2025;195;"Brief";"Suhl – Schmalkalden-Meiningen – Hildburghausen – Sonneberg";44692;192;9785;0;5025;7264;1711;1160;12299;7;27,5
"1586";2025;195;"Urne";"Suhl – Schmalkalden-Meiningen – Hildburghausen – Sonneberg";131520;1037;20810;0;9580;14688;2623;3387;63107;7;48
"1587";2025;196;"Brief";"Neuwied";89265;325;34035;0;18319;4504;8157;3862;12050;1;38,1
"1588";2025;196;"Urne";"Neuwied";105059;895;28261;0;17360;7191;7517;4626;29949;7;28,5
"1589";2025;197;"Brief";"Ahrweiler";78272;293;31009;0;15147;3785;8353;3532;9125;1;39,6
"1590";2025;197;"Urne";"Ahrweiler";81378;669;24280;0;13282;5285;7372;4031;19949;1;29,8
"1591";2025;198;"Brief";"Koblenz";76270;308;27667;0;15999;4974;9573;3486;7691;1;36,3
"1592";2025;198;"Urne";"Koblenz";79661;672;21091;0;14234;6926;8453;3919;17726;1;26,5
"1593";2025;199;"Brief";"Mosel/Rhein-Hunsrück";64414;291;24913;0;12615;3061;5403;3493;8164;1;38,7
"1594";2025;199;"Urne";"Mosel/Rhein-Hunsrück";77834;734;24397;0;12529;4347;5515;4028;19557;1;31,3
"1595";2025;200;"Brief";"Kreuznach";60051;279;20768;0;13314;3028;5379;2641;8845;1;34,6
"1596";2025;200;"Urne";"Kreuznach";86391;709;23308;0;16178;5556;6191;3784;23607;7;27,3
"1597";2025;201;"Brief";"Bitburg";65616;294;26234;0;11775;2935;5310;2865;7978;1;40
"1598";2025;201;"Urne";"Bitburg";68917;623;22663;0;10860;3691;4760;3176;15958;1;32,9
"1599";2025;202;"Brief";"Trier";77881;276;26540;0;16592;5240;9841;3529;8207;1;34,1
"1600";2025;202;"Urne";"Trier";78840;636;21290;0;14500;6743;9179;3727;15872;1;27
"1601";2025;203;"Brief";"Montabaur";77340;458;28982;0;15575;3922;7099;3383;10387;1;37,5
"1602";2025;203;"Urne";"Montabaur";97159;925;27257;0;15822;6424;7553;4588;25993;1;28,1
"1603";2025;204;"Brief";"Mainz";95394;411;27988;0;18277;9375;20374;4786;6950;1;29,3
"1604";2025;204;"Urne";"Mainz";119224;974;28660;0;21219;14226;23673;6128;16093;1;24
"1605";2025;205;"Brief";"Worms";75758;457;25040;0;15895;4060;8363;3339;11543;1;33,1
"1606";2025;205;"Urne";"Worms";102426;1025;25880;0;17845;7158;10507;4903;27201;7;26,6
"1607";2025;206;"Brief";"Ludwigshafen/Frankenthal";67091;404;21770;0;14618;3431;6921;2923;10386;1;32,4
"1608";2025;206;"Urne";"Ludwigshafen/Frankenthal";96008;1029;22709;0;16780;7606;7458;4175;27485;7;28,6
"1609";2025;207;"Brief";"Neustadt – Speyer";86440;422;29988;0;17484;3990;10799;4125;11572;1;34,7
"1610";2025;207;"Urne";"Neustadt – Speyer";95685;820;24924;0;15302;6089;10558;4673;25304;7;26,4
"1611";2025;208;"Brief";"Kaiserslautern";75449;410;21603;0;17690;4063;6802;2879;13161;1;28,6
"1612";2025;208;"Urne";"Kaiserslautern";103756;1148;22629;0;18813;6708;7821;4096;32790;7;31,6
"1613";2025;209;"Brief";"Pirmasens";64596;484;22975;0;12548;2799;4176;2708;11568;1;35,6
"1614";2025;209;"Urne";"Pirmasens";74471;896;18683;0;11428;3795;3962;2958;25718;7;34,5
"1615";2025;210;"Brief";"Südpfalz";89603;462;31835;0;16442;4721;10349;3788;13355;1;35,5
"1616";2025;210;"Urne";"Südpfalz";90299;861;23244;0;14263;6234;9451;3896;24511;7;27,1
"1617";2025;211;"Brief";"Altötting";71204;152;0;31154;6362;2861;6137;2474;12346;2;43,8
"1618";2025;211;"Urne";"Altötting";66497;299;0;23238;5131;3351;4575;2413;20840;2;34,9
"1619";2025;212;"Brief";"Erding – Ebersberg";96831;194;0;41984;9572;4181;12673;4582;12642;2;43,4
"1620";2025;212;"Urne";"Erding – Ebersberg";78333;239;0;28026;8060;4645;10057;4239;16205;2;35,8
"1621";2025;213;"Brief";"Freising";110803;213;0;46546;10771;4811;13130;4486;16527;2;42
"1622";2025;213;"Urne";"Freising";94177;338;0;32076;9462;5841;10620;4417;22456;2;34,1
"1623";2025;214;"Brief";"Fürstenfeldbruck";103146;159;0;44538;11950;4598;14766;4827;11540;2;43,2
"1624";2025;214;"Urne";"Fürstenfeldbruck";96252;342;0;34392;11183;6007;13012;5188;18278;2;35,7
"1625";2025;215;"Brief";"Ingolstadt";105682;167;0;46627;10981;4425;10619;3850;16607;2;44,1
"1626";2025;215;"Urne";"Ingolstadt";90305;479;0;32022;8832;4833;7407;3499;25236;2;35,5
"1627";2025;216;"Brief";"München-Nord";101199;145;0;31929;14962;7385;25740;6908;6655;2;31,6
"1628";2025;216;"Urne";"München-Nord";84432;339;0;21580;13507;9400;16551;5486;11033;2;25,6
"1629";2025;217;"Brief";"München-Ost";109979;182;0;37389;16144;7436;26600;6997;7192;2;34
"1630";2025;217;"Urne";"München-Ost";95061;365;0;26173;14816;9716;18445;5840;12502;2;27,5
"1631";2025;218;"Brief";"München-Süd";100044;155;0;31235;15146;7851;26304;5478;6442;2;31,2
"1632";2025;218;"Urne";"München-Süd";81211;291;0;20632;12903;9046;17234;4585;10340;2;25,4
"1633";2025;219;"Brief";"München-West/Mitte";118642;146;0;37016;17983;8770;31870;7040;7441;2;31,2
"1634";2025;219;"Urne";"München-West/Mitte";92220;249;0;23488;14328;9901;20837;5513;11381;2;25,5
"1635";2025;220;"Brief";"München-Land";110867;172;0;46977;14093;4719;19916;6613;9424;2;42,4
"1636";2025;220;"Urne";"München-Land";94681;267;0;33114;12555;5591;15428;6372;14652;2;35
"1637";2025;221;"Brief";"Rosenheim";105794;223;0;43176;10349;4697;14180;4940;15396;2;40,8
"1638";2025;221;"Urne";"Rosenheim";95789;375;0;32357;8923;5443;10846;4434;23982;2;33,8
"1639";2025;222;"Brief";"Bad Tölz-Wolfratshausen – Miesbach";81368;170;0;36614;7458;2832;10646;4140;10513;2;45
"1640";2025;222;"Urne";"Bad Tölz-Wolfratshausen – Miesbach";60431;227;0;22622;5371;2884;6939;3366;13761;2;37,4
"1641";2025;223;"Brief";"Starnberg – Landsberg am Lech";98027;187;0;41066;11352;4296;17289;5622;9452;2;41,9
"1642";2025;223;"Urne";"Starnberg – Landsberg am Lech";90283;360;0;31575;10254;5420;14237;5347;15856;2;35
"1643";2025;224;"Brief";"Traunstein";97326;204;0;41057;9991;3739;10591;3091;14284;2;42,2
"1644";2025;224;"Urne";"Traunstein";75246;344;0;25772;6934;3775;7086;2800;20335;2;34,3
"1645";2025;225;"Brief";"Weilheim";82590;163;0;37076;7942;3359;10282;3737;10813;2;44,9
"1646";2025;225;"Urne";"Weilheim";61108;205;0;22610;5946;3511;6817;3023;13426;2;37
"1647";2025;226;"Brief";"Deggendorf";79720;135;0;32609;6448;2208;4035;2371;20153;2;40,9
"1648";2025;226;"Urne";"Deggendorf";55765;213;0;19344;4465;1970;2821;1912;19377;7;34,7
"1649";2025;227;"Brief";"Landshut";111529;175;0;43913;10567;4386;10142;3804;19406;2;39,4
"1650";2025;227;"Urne";"Landshut";96603;410;0;31289;9064;5219;7911;3932;27023;2;32,4
"1651";2025;228;"Brief";"Passau";85996;143;0;35859;8417;2917;5902;2593;18284;2;41,7
"1652";2025;228;"Urne";"Passau";58119;260;0;19588;5487;2764;3919;2113;18384;2;33,7
"1653";2025;229;"Brief";"Rottal-Inn";76012;119;0;31454;6051;2368;4628;2140;15509;2;41,4
"1654";2025;229;"Urne";"Rottal-Inn";66697;264;0;23256;4848;2622;3213;2130;21598;2;34,9
"1655";2025;230;"Brief";"Straubing";79288;159;0;33320;6363;2362;4381;2213;18331;2;42
"1656";2025;230;"Urne";"Straubing";62252;257;0;22108;4947;2572;3085;2066;20783;2;35,5
"1657";2025;231;"Brief";"Amberg";91614;190;0;39901;9977;3641;7422;2760;15165;2;43,6
"1658";2025;231;"Urne";"Amberg";90327;425;0;32771;9362;4339;6544;3211;24849;2;36,3
"1659";2025;232;"Brief";"Regensburg";113022;166;0;44596;12500;6850;15856;3674;15749;2;39,5
"1660";2025;232;"Urne";"Regensburg";99674;387;0;31087;11107;7951;12481;3753;24021;2;31,2
"1661";2025;233;"Brief";"Schwandorf";104574;212;0;43592;9974;3023;5352;2575;24569;2;41,7
"1662";2025;233;"Urne";"Schwandorf";80459;310;0;28853;7136;3029;3821;2352;27404;2;35,9
"1663";2025;234;"Brief";"Weiden";77521;187;0;33616;9524;2730;4712;2194;14972;2;43,4
"1664";2025;234;"Urne";"Weiden";59266;237;0;21478;6406;2637;3215;1977;18153;2;36,2
"1665";2025;235;"Brief";"Bamberg";82069;174;0;33633;9544;4722;10457;3076;12053;2;41
"1666";2025;235;"Urne";"Bamberg";73460;297;0;23729;8009;5389;9019;3019;17927;2;32,3
"1667";2025;236;"Brief";"Bayreuth";71873;129;0;30621;9233;3566;7232;2515;10665;2;42,6
"1668";2025;236;"Urne";"Bayreuth";62194;256;0;20845;7170;4039;5923;2472;16022;2;33,5
"1669";2025;237;"Brief";"Coburg";60152;136;0;24802;9473;2939;4932;1908;9067;2;41,2
"1670";2025;237;"Urne";"Coburg";68617;330;0;22908;8928;4027;4671;2226;19444;2;33,4
"1671";2025;238;"Brief";"Hof";63068;129;0;27209;9291;2826;4152;1921;10633;2;43,1
"1672";2025;238;"Urne";"Hof";66356;293;0;21757;8130;4031;3650;2110;20675;2;32,8
"1673";2025;239;"Brief";"Kulmbach";76963;145;0;33935;8747;3031;5648;2347;13846;2;44,1
"1674";2025;239;"Urne";"Kulmbach";64562;305;0;22865;6580;3178;4528;2203;19143;2;35,4
"1675";2025;240;"Brief";"Ansbach";101605;197;0;41649;12941;4443;10044;3265;16227;2;41
"1676";2025;240;"Urne";"Ansbach";102219;439;0;34100;11675;5702;9172;3520;27525;2;33,4
"1677";2025;241;"Brief";"Erlangen";77095;138;0;28513;10900;4773;14538;3104;8208;2;37
"1678";2025;241;"Urne";"Erlangen";85169;323;0;26081;11546;6779;14604;3787;15296;2;30,6
"1679";2025;242;"Brief";"Fürth";93204;194;0;35937;13846;5389;12204;3425;12348;2;38,6
"1680";2025;242;"Urne";"Fürth";114996;512;0;35376;15550;8710;13600;4662;26752;2;30,8
"1681";2025;243;"Brief";"Nürnberg-Nord";68019;158;0;20557;10668;7632;14616;2964;5706;2;30,2
"1682";2025;243;"Urne";"Nürnberg-Nord";83353;460;0;20531;12899;11601;15068;3566;12597;2;24,6
"1683";2025;244;"Brief";"Nürnberg-Süd";56682;172;0;21092;9359;4064;7433;2006;7153;2;37,2
"1684";2025;244;"Urne";"Nürnberg-Süd";80178;544;0;22821;11455;7619;7829;2865;19748;2;28,5
"1685";2025;245;"Brief";"Roth";98569;194;0;40737;13712;4591;12306;3585;13226;2;41,3
"1686";2025;245;"Urne";"Roth";98583;391;0;33478;12613;6037;11575;3898;22218;2;34
"1687";2025;246;"Brief";"Aschaffenburg";76292;240;0;32925;10220;3778;8975;3131;10099;2;43,2
"1688";2025;246;"Urne";"Aschaffenburg";79001;470;0;25885;9476;5498;8274;3702;19313;2;32,8
"1689";2025;247;"Brief";"Bad Kissingen";99634;278;0;45721;10216;4102;7510;3488;17284;2;45,9
"1690";2025;247;"Urne";"Bad Kissingen";80893;419;0;29380;7158;4157;5810;2974;24148;2;36,3
"1691";2025;248;"Brief";"Main-Spessart";92462;227;0;41923;11907;3924;8338;3107;13334;2;45,3
"1692";2025;248;"Urne";"Main-Spessart";73001;350;0;25861;8646;4148;6353;2760;18510;2;35,4
"1693";2025;249;"Brief";"Schweinfurt";82059;190;0;36497;10059;3744;7914;2806;11846;2;44,5
"1694";2025;249;"Urne";"Schweinfurt";81387;411;0;27669;8647;4724;6914;3017;22558;2;34
"1695";2025;250;"Brief";"Würzburg";110255;210;0;43459;15359;7972;18059;4685;10980;2;39,4
"1696";2025;250;"Urne";"Würzburg";82151;327;0;25220;10482;7765;13436;3681;14971;2;30,7
"1697";2025;251;"Brief";"Augsburg-Stadt";63398;110;0;19845;8909;6088;12574;2723;6886;2;31,3
"1698";2025;251;"Urne";"Augsburg-Stadt";84699;432;0;22071;10882;9480;11736;3353;18940;2;26,1
"1699";2025;252;"Brief";"Augsburg-Land";92244;177;0;39956;9983;3697;10848;3560;13270;2;43,3
"1700";2025;252;"Urne";"Augsburg-Land";107320;429;0;39104;11280;5858;10991;4386;25359;2;36,4
"1701";2025;253;"Brief";"Donau-Ries";83133;169;0;36837;7876;2866;6331;2964;14711;2;44,3
"1702";2025;253;"Urne";"Donau-Ries";80150;355;0;30281;7350;3383;5522;3107;22118;2;37,8
"1703";2025;254;"Brief";"Neu-Ulm";82269;214;0;34189;9157;3338;8068;3391;14056;2;41,6
"1704";2025;254;"Urne";"Neu-Ulm";96166;430;0;31661;9948;5980;7853;3958;27234;2;32,9
"1705";2025;255;"Brief";"Memmingen – Unterallgäu";63728;129;0;27193;5915;2500;5721;2675;11146;2;42,7
"1706";2025;255;"Urne";"Memmingen – Unterallgäu";70830;285;0;25249;6223;3455;5470;2854;20246;2;35,6
"1707";2025;256;"Brief";"Oberallgäu";99831;247;0;41565;10685;4372;13574;4374;11688;2;41,6
"1708";2025;256;"Urne";"Oberallgäu";91864;467;0;30961;9431;5643;10027;3843;21755;2;33,7
"1709";2025;257;"Brief";"Ostallgäu";64344;150;0;28031;6386;2671;7168;2346;8926;2;43,6
"1710";2025;257;"Urne";"Ostallgäu";72494;271;0;26674;6307;3792;6494;2851;18587;2;36,8
"1711";2025;258;"Brief";"Stuttgart I";74660;117;21125;0;10700;7199;21305;5468;4127;5;28,5
"1712";2025;258;"Urne";"Stuttgart I";87445;295;21189;0;13429;10331;19573;6291;10294;1;24,2
"1713";2025;259;"Brief";"Stuttgart II";54538;140;16453;0;8889;4855;11833;3264;4890;1;30,2
"1714";2025;259;"Urne";"Stuttgart II";85037;486;20760;0;13680;10240;12382;4823;15089;1;24,4
"1715";2025;260;"Brief";"Böblingen";70475;180;26140;0;10187;3428;11484;5107;8312;1;37,1
"1716";2025;260;"Urne";"Böblingen";134471;746;41615;0;19196;8739;16967;9204;27457;1;30,9
"1717";2025;261;"Brief";"Esslingen";51754;121;18842;0;8152;2945;9004;3061;5459;1;36,4
"1718";2025;261;"Urne";"Esslingen";87632;463;26291;0;13383;6997;11805;4906;16839;1;30
"1719";2025;262;"Brief";"Nürtingen";63778;166;23874;0;9198;3074;9743;4264;8059;1;37,4
"1720";2025;262;"Urne";"Nürtingen";109414;595;34217;0;15166;6878;13650;7239;22969;1;31,3
"1721";2025;263;"Brief";"Göppingen";50018;158;19215;0;7576;2140;5671;2867;8052;1;38,4
"1722";2025;263;"Urne";"Göppingen";93859;674;28657;0;12968;5656;7776;5058;25228;1;30,5
"1723";2025;264;"Brief";"Waiblingen";64224;169;23815;0;9766;3148;9649;4316;7996;1;37,1
"1724";2025;264;"Urne";"Waiblingen";120694;650;37537;0;17219;7583;13847;8169;26229;1;31,1
"1725";2025;265;"Brief";"Ludwigsburg";64498;125;23082;0;10129;3694;11043;4147;7288;1;35,8
"1726";2025;265;"Urne";"Ludwigsburg";115383;590;34354;0;16903;8609;15611;7321;22958;1;29,8
"1727";2025;266;"Brief";"Neckar-Zaber";70019;162;25987;0;10803;3062;9711;4425;9839;1;37,1
"1728";2025;266;"Urne";"Neckar-Zaber";125871;711;38645;0;17368;7324;13926;7871;29795;1;30,7
"1729";2025;267;"Brief";"Heilbronn";61250;198;21239;0;9616;3099;7437;3920;10043;1;34,7
"1730";2025;267;"Urne";"Heilbronn";133426;1021;35698;0;18097;8822;10870;8108;39198;7;29,4
"1731";2025;268;"Brief";"Schwäbisch Hall – Hohenlohe";53605;185;18618;0;8052;2812;6639;3193;8633;1;34,7
"1732";2025;268;"Urne";"Schwäbisch Hall – Hohenlohe";132503;906;40199;0;16393;7033;11444;7389;37791;1;30,3
"1733";2025;269;"Brief";"Backnang – Schwäbisch Gmünd";49419;141;18132;0;7409;2504;6403;2730;7649;1;36,7
"1734";2025;269;"Urne";"Backnang – Schwäbisch Gmünd";96996;583;29317;0;12760;5920;9128;5116;26252;1;30,2
"1735";2025;270;"Brief";"Aalen – Heidenheim";64128;208;24889;0;9654;2936;7296;3226;10238;1;38,8
"1736";2025;270;"Urne";"Aalen – Heidenheim";116435;791;37383;0;15635;6760;9531;5520;31129;1;32,1
"1737";2025;271;"Brief";"Karlsruhe-Stadt";70646;133;17284;0;11624;7201;19809;3688;5397;5;28
"1738";2025;271;"Urne";"Karlsruhe-Stadt";97910;578;20361;0;14540;11599;20615;4970;17281;5;21,1
"1739";2025;272;"Brief";"Karlsruhe-Land";67787;247;25112;0;10982;3202;9782;3675;8842;1;37
"1740";2025;272;"Urne";"Karlsruhe-Land";108472;607;33021;0;15379;6588;13595;6048;24552;1;30,4
"1741";2025;273;"Brief";"Rastatt";59932;216;22724;0;9454;2741;7489;3015;8783;1;37,9
"1742";2025;273;"Urne";"Rastatt";104041;821;31624;0;14099;5996;10184;5017;27988;1;30,4
"1743";2025;274;"Brief";"Heidelberg";71724;191;20441;0;12389;6697;17399;4084;5621;1;28,5
"1744";2025;274;"Urne";"Heidelberg";114769;561;28346;0;19167;12133;23200;6451;16793;1;24,7
"1745";2025;275;"Brief";"Mannheim";57740;177;15354;0;11126;5620;11571;3080;6116;1;26,6
"1746";2025;275;"Urne";"Mannheim";95406;692;19873;0;16561;11591;12805;4759;20619;7;21,6
"1747";2025;276;"Brief";"Odenwald – Tauber";59290;244;23835;0;8609;2610;5965;2886;9540;1;40,2
"1748";2025;276;"Urne";"Odenwald – Tauber";112125;828;38119;0;13963;5723;8319;5272;30610;1;34
"1749";2025;277;"Brief";"Rhein-Neckar";59838;226;21142;0;9963;3012;8160;3330;8776;1;35,3
"1750";2025;277;"Urne";"Rhein-Neckar";104060;658;29540;0;15615;7183;11892;5865;24911;1;28,4
"1751";2025;278;"Brief";"Bruchsal – Schwetzingen";65825;299;24572;0;10099;3049;7892;3359;10175;1;37,3
"1752";2025;278;"Urne";"Bruchsal – Schwetzingen";96596;651;27321;0;13097;6227;9747;5110;26006;1;28,3
"1753";2025;279;"Brief";"Pforzheim";64215;165;23219;0;9394;2723;8496;4072;10425;1;36,2
"1754";2025;279;"Urne";"Pforzheim";110106;815;29616;0;13430;6597;9741;6697;33534;7;30,5
"1755";2025;280;"Brief";"Calw";54816;152;20592;0;7459;2197;6018;3391;9698;1;37,6
"1756";2025;280;"Urne";"Calw";108866;708;34482;0;12416;5452;8336;6280;31913;1;31,7
"1757";2025;281;"Brief";"Freiburg";81911;178;19694;0;12854;10733;23694;3549;5288;5;28,9
"1758";2025;281;"Urne";"Freiburg";114156;619;23651;0;17079;16432;28273;4735;14997;5;24,8
"1759";2025;282;"Brief";"Lörrach – Müllheim";71173;180;23306;0;11988;3919;12792;3527;8306;1;32,7
"1760";2025;282;"Urne";"Lörrach – Müllheim";116636;843;31311;0;17814;8732;15659;5629;25655;1;26,8
"1761";2025;283;"Brief";"Emmendingen – Lahr";68570;211;24350;0;11516;3654;10534;3396;8507;1;35,5
"1762";2025;283;"Urne";"Emmendingen – Lahr";113741;782;34075;0;16634;7025;13458;5101;26802;1;30
"1763";2025;284;"Brief";"Offenburg";61460;189;23049;0;8925;3150;7898;3362;8908;1;37,5
"1764";2025;284;"Urne";"Offenburg";106373;842;32952;0;13267;6340;10606;5419;27455;1;31
"1765";2025;285;"Brief";"Rottweil – Tuttlingen";57530;207;23049;0;6810;2305;5595;3712;10236;1;40,1
"1766";2025;285;"Urne";"Rottweil – Tuttlingen";103857;914;32014;0;10497;5236;6848;6025;33165;7;31,9
"1767";2025;286;"Brief";"Schwarzwald-Baar";47612;175;18548;0;6749;2115;5922;2657;6898;1;39
"1768";2025;286;"Urne";"Schwarzwald-Baar";83523;724;25790;0;10065;4476;6973;4217;24055;1;30,9
"1769";2025;287;"Brief";"Konstanz";75207;155;24586;0;10563;5247;15794;4468;8395;1;32,7
"1770";2025;287;"Urne";"Konstanz";95533;634;26577;0;12036;7413;12821;5352;22741;1;27,8
"1771";2025;288;"Brief";"Waldshut";56974;144;20762;0;8691;2786;9009;2974;7478;1;36,4
"1772";2025;288;"Urne";"Waldshut";88409;568;27934;0;12060;5413;10767;4238;20129;1;31,6
"1773";2025;289;"Brief";"Reutlingen";59550;139;21760;0;8121;3026;8563;3976;8618;1;36,5
"1774";2025;289;"Urne";"Reutlingen";105916;673;31892;0;13504;6944;11559;6628;25978;1;30,1
"1775";2025;290;"Brief";"Tübingen";65452;121;20160;0;9197;5822;14322;3313;7466;1;30,8
"1776";2025;290;"Urne";"Tübingen";106732;581;28715;0;14713;10643;18625;5266;20210;1;26,9
"1777";2025;291;"Brief";"Ulm";65971;140;24303;0;9155;3652;10780;3452;8865;1;36,8
"1778";2025;291;"Urne";"Ulm";124049;739;39824;0;16327;8548;14887;6297;27583;1;32,1
"1779";2025;292;"Brief";"Biberach";53451;155;22385;0;6105;2161;6252;2788;8487;1;41,9
"1780";2025;292;"Urne";"Biberach";91079;629;32641;0;8846;4335;7812;4510;24829;1;35,8
"1781";2025;293;"Brief";"Bodensee";54256;169;20693;0;7446;2629;8989;3257;6604;1;38,1
"1782";2025;293;"Urne";"Bodensee";90859;584;29893;0;11332;5373;10571;5032;20686;1;32,9
"1783";2025;294;"Brief";"Ravensburg";56466;132;21313;0;7005;3532;8949;3121;6978;1;37,7
"1784";2025;294;"Urne";"Ravensburg";101516;614;33744;0;11441;6656;11892;5404;22922;1;33,2
"1785";2025;295;"Brief";"Zollernalb – Sigmaringen";52076;168;21470;0;6225;2221;4726;2990;9577;1;41,2
"1786";2025;295;"Urne";"Zollernalb – Sigmaringen";96712;689;32574;0;10119;5037;6425;5092;29219;1;33,7
"1787";2025;296;"Brief";"Saarbrücken";60113;338;16327;0;14429;4946;7055;2626;7710;1;27,2
"1788";2025;296;"Urne";"Saarbrücken";89255;911;17533;0;18221;9715;7666;3862;21971;7;24,6
"1789";2025;297;"Brief";"Saarlouis";56897;452;18408;0;13382;3118;4457;2515;7788;1;32,4
"1790";2025;297;"Urne";"Saarlouis";107868;1182;27681;0;21306;7918;5733;4744;27633;1;25,7
"1791";2025;298;"Brief";"St. Wendel";55344;497;18791;0;13214;2781;3872;2173;7815;1;34
"1792";2025;298;"Urne";"St. Wendel";87837;879;24166;0;18254;5795;4929;3582;21576;1;27,5
"1793";2025;299;"Brief";"Homburg";57344;408;17431;0;14167;3229;4569;2432;8683;1;30,4
"1794";2025;299;"Urne";"Homburg";90635;903;20776;0;18163;6578;5090;3791;26118;7;28,8
