"";"Jahr";"WKR_NR";"WKR_NAME";"LAND_NR";"LAND_NAME";"Wahlbezirksart";"Wahlkreisname";"Wähler";"Ungültige";"CDU";"CSU";"SPD";"LINKE";"GRÜNE";"FDP";"AFD";"meistgewählt";"pct";"geometry";"ref_value";"winner_abzz";"Land";"Geschlecht";"Geburtsjahresgruppe";"Summe";"Ungültig";"AfD";"DIE LINKE";"Sonstige";"dar. FREIE WÄHLER";"dar. dieBasis";"dar. BSW"
"1";2017;"0";"0";"0";0;0;0;0;0;300217;79817;305590;0;192427;280317;0;0;0;0;0;0;0;0;0;1694779;13189;167573;176106;179542;15757;0;0
"2";2017;"0";"0";"0";0;0;0;0;0;555205;146982;490462;0;263648;403389;0;0;0;0;0;0;0;0;0;3001418;19674;480174;342655;299229;37952;0;0
"3";2017;"0";"0";"0";0;0;0;0;0;665699;165918;456033;0;281653;387886;0;0;0;0;0;0;0;0;0;3089525;19901;604999;289045;218392;38216;0;0
"4";2017;"0";"0";"0";0;0;0;0;0;1538881;363559;1379820;0;607369;748468;0;0;0;0;0;0;0;0;0;6930258;47053;1324465;643130;277513;71178;0;0
"5";2017;"0";"0";"0";0;0;0;0;0;874612;206169;893330;0;223251;392710;0;0;0;0;0;0;0;0;0;3741274;34896;619595;413595;83114;27586;0;0
"6";2017;"0";"0";"0";0;0;0;0;0;1364615;318037;1108252;0;137652;454115;0;0;0;0;0;0;0;0;0;4300726;65480;479397;324971;48208;18081;0;0
"7";2017;"0";"0";"0";0;0;0;0;0;365388;91751;309981;0;295852;160954;0;0;0;0;0;0;0;0;0;1674861;11114;99385;173620;166817;18106;0;0
"8";2017;"0";"0";"0";0;0;0;0;0;730985;175609;534780;0;402395;280004;0;0;0;0;0;0;0;0;0;3038245;20091;290646;314301;289433;45244;0;0
"9";2017;"0";"0";"0";0;0;0;0;0;852980;197785;511405;0;396113;317016;0;0;0;0;0;0;0;0;0;3137743;22593;348561;274576;216713;42681;0;0
"10";2017;"0";"0";"0";0;0;0;0;0;1886153;409843;1366793;0;840244;674193;0;0;0;0;0;0;0;0;0;6987768;56535;766374;636091;351544;86059;0;0
"11";2017;"0";"0";"0";0;0;0;0;0;1192816;256495;882361;0;295750;392194;0;0;0;0;0;0;0;0;0;3951857;45878;385337;386863;114163;35673;0;0
"12";2017;"0";"0";"0";0;0;0;0;0;2120104;457722;1300575;0;222047;508202;0;0;0;0;0;0;0;0;0;5427886;104446;311609;322319;80864;26758;0;0
"13";2017;"0";"0";"0";0;0;0;0;0;14772;0;12158;0;8011;11296;0;0;0;0;0;0;0;0;0;61452;218;3938;5824;5234;495;0;0
"14";2017;"0";"0";"0";0;0;0;0;0;23516;0;17857;0;10695;12693;0;0;0;0;0;0;0;0;0;93339;500;11392;9502;7184;1059;0;0
"15";2017;"0";"0";"0";0;0;0;0;0;30915;0;19039;0;10707;15017;0;0;0;0;0;0;0;0;0;106276;604;15710;9598;4685;1289;0;0
"16";2017;"0";"0";"0";0;0;0;0;0;74056;0;58646;0;30554;33660;0;0;0;0;0;0;0;0;0;254488;1191;32568;18492;5320;1270;0;0
"17";2017;"0";"0";"0";0;0;0;0;0;39885;0;40177;0;13711;17729;0;0;0;0;0;0;0;0;0;141500;866;13932;14150;1049;389;0;0
"18";2017;"0";"0";"0";0;0;0;0;0;72054;0;47867;0;9132;25409;0;0;0;0;0;0;0;0;0;178142;2190;13159;7691;640;224;0;0
"19";2017;"0";"0";"0";0;0;0;0;0;17455;0;12341;0;13054;6992;0;0;0;0;0;0;0;0;0;60845;426;2259;5006;3312;554;0;0
"20";2017;"0";"0";"0";0;0;0;0;0;29903;0;20578;0;14978;8967;0;0;0;0;0;0;0;0;0;94810;595;6138;9231;4420;968;0;0
"21";2017;"0";"0";"0";0;0;0;0;0;43201;0;22566;0;16443;12534;0;0;0;0;0;0;0;0;0;117259;729;7293;9702;4792;1440;0;0
"22";2017;"0";"0";"0";0;0;0;0;0;89830;0;58323;0;45185;30267;0;0;0;0;0;0;0;0;0;268757;1720;17919;19155;6359;2037;0;0
"23";2017;"0";"0";"0";0;0;0;0;0;53847;0;38619;0;19539;17477;0;0;0;0;0;0;0;0;0;151849;1566;8910;10095;1796;764;0;0
"24";2017;"0";"0";"0";0;0;0;0;0;93700;0;51336;0;13460;24803;0;0;0;0;0;0;0;0;0;200477;2947;7144;6231;855;424;0;0
"25";2017;"0";"0";"0";0;0;0;0;0;6707;0;7374;0;4661;5057;0;0;0;0;0;0;0;0;0;33742;54;1913;4788;3189;40;0;0
"26";2017;"0";"0";"0";0;0;0;0;0;12993;0;14324;0;10986;8983;0;0;0;0;0;0;0;0;0;75831;345;6279;13874;8047;399;0;0
"27";2017;"0";"0";"0";0;0;0;0;0;17975;0;14201;0;12354;9579;0;0;0;0;0;0;0;0;0;77150;411;7726;10099;4805;257;0;0
"28";2017;"0";"0";"0";0;0;0;0;0;30587;0;31007;0;18278;15432;0;0;0;0;0;0;0;0;0;136546;753;16425;18846;5219;557;0;0
"29";2017;"0";"0";"0";0;0;0;0;0;12358;0;16539;0;5049;6442;0;0;0;0;0;0;0;0;0;56893;560;7228;7724;994;102;0;0
"30";2017;"0";"0";"0";0;0;0;0;0;27143;0;25460;0;3382;12744;0;0;0;0;0;0;0;0;0;82374;387;8132;4813;313;28;0;0
"31";2017;"0";"0";"0";0;0;0;0;0;7264;0;7009;0;7263;2579;0;0;0;0;0;0;0;0;0;33360;201;1057;5348;2639;83;0;0
"32";2017;"0";"0";"0";0;0;0;0;0;21512;0;16335;0;18989;6229;0;0;0;0;0;0;0;0;0;88719;537;3591;14231;7295;389;0;0
"33";2017;"0";"0";"0";0;0;0;0;0;24299;0;15027;0;18109;6849;0;0;0;0;0;0;0;0;0;85287;704;4800;10602;4896;503;0;0
"34";2017;"0";"0";"0";0;0;0;0;0;40443;0;31225;0;24627;10852;0;0;0;0;0;0;0;0;0;138322;892;8573;16831;4879;472;0;0
"35";2017;"0";"0";"0";0;0;0;0;0;17879;0;17684;0;6789;7068;0;0;0;0;0;0;0;0;0;63907;394;5507;7520;1065;315;0;0
"36";2017;"0";"0";"0";0;0;0;0;0;47153;0;33678;0;5883;13797;0;0;0;0;0;0;0;0;0;112794;1568;5280;4399;1035;312;0;0
"37";2017;"0";"0";"0";0;0;0;0;0;42199;0;39987;0;18228;26158;0;0;0;0;0;0;0;0;0;175928;1338;15537;17405;15076;916;0;0
"38";2017;"0";"0";"0";0;0;0;0;0;69299;0;61725;0;21956;33308;0;0;0;0;0;0;0;0;0;274743;1372;37372;26521;23190;2196;0;0
"39";2017;"0";"0";"0";0;0;0;0;0;86717;0;58236;0;24065;29911;0;0;0;0;0;0;0;0;0;287418;1520;47954;23894;15122;1740;0;0
"40";2017;"0";"0";"0";0;0;0;0;0;207104;0;191130;0;57952;62975;0;0;0;0;0;0;0;0;0;691775;4221;94043;55522;18828;3545;0;0
"41";2017;"0";"0";"0";0;0;0;0;0;114121;0;122158;0;22632;38502;0;0;0;0;0;0;0;0;0;376295;3146;40132;30747;4857;889;0;0
"42";2017;"0";"0";"0";0;0;0;0;0;186554;0;145401;0;12099;44282;0;0;0;0;0;0;0;0;0;445141;4770;33200;16453;2381;334;0;0
"43";2017;"0";"0";"0";0;0;0;0;0;54448;0;43335;0;32644;13243;0;0;0;0;0;0;0;0;0;183172;789;8295;15699;14720;1161;0;0
"44";2017;"0";"0";"0";0;0;0;0;0;90349;0;65055;0;37723;22673;0;0;0;0;0;0;0;0;0;288324;1548;22118;26525;22334;2428;0;0
"45";2017;"0";"0";"0";0;0;0;0;0;110858;0;66056;0;36860;25096;0;0;0;0;0;0;0;0;0;305555;1942;26803;21576;16363;2022;0;0
"46";2017;"0";"0";"0";0;0;0;0;0;244439;0;194244;0;85736;55323;0;0;0;0;0;0;0;0;0;706537;4227;51909;49172;21486;2685;0;0
"47";2017;"0";"0";"0";0;0;0;0;0;150991;0;118572;0;32733;32931;0;0;0;0;0;0;0;0;0;397793;3430;25496;26330;7310;712;0;0
"48";2017;"0";"0";"0";0;0;0;0;0;266401;0;169274;0;22197;47003;0;0;0;0;0;0;0;0;0;549190;6590;19504;13136;5086;552;0;0
"49";2017;"0";"0";"0";0;0;0;0;0;2075;0;2647;0;1291;1809;0;0;0;0;0;0;0;0;0;11638;68;461;1701;1585;1;0;0
"50";2017;"0";"0";"0";0;0;0;0;0;4702;0;4480;0;2366;2372;0;0;0;0;0;0;0;0;0;22649;192;3195;3566;1775;85;0;0
"51";2017;"0";"0";"0";0;0;0;0;0;4096;0;3420;0;2816;2067;0;0;0;0;0;0;0;0;0;20089;91;3057;2733;1810;113;0;0
"52";2017;"0";"0";"0";0;0;0;0;0;9214;0;12970;0;4647;3258;0;0;0;0;0;0;0;0;0;47835;369;8172;7554;1651;142;0;0
"53";2017;"0";"0";"0";0;0;0;0;0;5460;0;7992;0;2500;2350;0;0;0;0;0;0;0;0;0;26675;193;2983;4861;335;2;0;0
"54";2017;"0";"0";"0";0;0;0;0;0;9809;0;10872;0;1241;4640;0;0;0;0;0;0;0;0;0;33769;487;3422;2736;562;192;0;0
"55";2017;"0";"0";"0";0;0;0;0;0;2117;0;2695;0;2349;572;0;0;0;0;0;0;0;0;0;11710;53;626;2114;1185;107;0;0
"56";2017;"0";"0";"0";0;0;0;0;0;5001;0;4672;0;4132;1722;0;0;0;0;0;0;0;0;0;21957;75;1778;2848;1730;95;0;0
"57";2017;"0";"0";"0";0;0;0;0;0;5589;0;4828;0;3166;1999;0;0;0;0;0;0;0;0;0;20913;15;1083;2887;1347;302;0;0
"58";2017;"0";"0";"0";0;0;0;0;0;11950;0;12869;0;7320;2740;0;0;0;0;0;0;0;0;0;49094;431;4530;7305;1949;196;0;0
"59";2017;"0";"0";"0";0;0;0;0;0;7997;0;8516;0;2938;2102;0;0;0;0;0;0;0;0;0;28837;138;2375;4150;623;29;0;0
"60";2017;"0";"0";"0";0;0;0;0;0;15400;0;12984;0;1967;5426;0;0;0;0;0;0;0;0;0;40753;858;1519;2173;426;89;0;0
"61";2017;"0";"0";"0";0;0;0;0;0;80718;0;82452;0;33245;77967;0;0;0;0;0;0;0;0;0;377355;2754;30543;33418;36258;1172;0;0
"62";2017;"0";"0";"0";0;0;0;0;0;134722;0;128870;0;46505;101974;0;0;0;0;0;0;0;0;0;609108;3259;76055;64823;52900;3384;0;0
"63";2017;"0";"0";"0";0;0;0;0;0;163271;0;119942;0;46270;98404;0;0;0;0;0;0;0;0;0;620880;3009;95090;54084;40809;3003;0;0
"64";2017;"0";"0";"0";0;0;0;0;0;400478;0;388190;0;111732;191432;0;0;0;0;0;0;0;0;0;1484508;8782;219438;121273;43183;4840;0;0
"65";2017;"0";"0";"0";0;0;0;0;0;221589;0;234754;0;39807;96399;0;0;0;0;0;0;0;0;0;772523;5753;93717;71419;9085;1290;0;0
"66";2017;"0";"0";"0";0;0;0;0;0;363053;0;279821;0;23983;110404;0;0;0;0;0;0;0;0;0;903534;11743;69433;40323;4774;692;0;0
"67";2017;"0";"0";"0";0;0;0;0;0;103332;0;83289;0;58497;43797;0;0;0;0;0;0;0;0;0;376013;2367;16722;34839;33169;1145;0;0
"68";2017;"0";"0";"0";0;0;0;0;0;181918;0;146011;0;75141;76358;0;0;0;0;0;0;0;0;0;633062;3226;45930;56571;47908;2964;0;0
"69";2017;"0";"0";"0";0;0;0;0;0;215422;0;133731;0;68700;86229;0;0;0;0;0;0;0;0;0;650984;3767;57920;48578;36636;2822;0;0
"70";2017;"0";"0";"0";0;0;0;0;0;482103;0;379553;0;155723;178656;0;0;0;0;0;0;0;0;0;1493733;10671;122310;112938;51778;3824;0;0
"71";2017;"0";"0";"0";0;0;0;0;0;296067;0;231835;0;50334;102163;0;0;0;0;0;0;0;0;0;821284;8862;56371;62287;13365;1412;0;0
"72";2017;"0";"0";"0";0;0;0;0;0;571339;0;349428;0;35033;129268;0;0;0;0;0;0;0;0;0;1195477;20891;44896;36351;8271;1330;0;0
"73";2017;"0";"0";"0";0;0;0;0;0;26626;0;25853;0;16518;20746;0;0;0;0;0;0;0;0;0;129588;1456;11130;14579;12679;973;0;0
"74";2017;"0";"0";"0";0;0;0;0;0;45565;0;39234;0;19608;30687;0;0;0;0;0;0;0;0;0;208464;2014;30874;21666;18815;1947;0;0
"75";2017;"0";"0";"0";0;0;0;0;0;55387;0;35880;0;19279;27911;0;0;0;0;0;0;0;0;0;212563;2075;38909;18803;14319;2636;0;0
"76";2017;"0";"0";"0";0;0;0;0;0;127305;0;116167;0;48316;59947;0;0;0;0;0;0;0;0;0;508421;4642;90047;44230;17767;4368;0;0
"77";2017;"0";"0";"0";0;0;0;0;0;68878;0;74644;0;18855;32052;0;0;0;0;0;0;0;0;0;273279;3100;43948;26533;5269;1704;0;0
"78";2017;"0";"0";"0";0;0;0;0;0;117139;0;89566;0;9941;38518;0;0;0;0;0;0;0;0;0;312855;5858;35632;14003;2198;651;0;0
"79";2017;"0";"0";"0";0;0;0;0;0;31342;0;26672;0;23881;12043;0;0;0;0;0;0;0;0;0;127481;1285;7190;13090;11977;947;0;0
"80";2017;"0";"0";"0";0;0;0;0;0;60054;0;41874;0;28069;18594;0;0;0;0;0;0;0;0;0;207590;2589;17534;21263;17613;3230;0;0
"81";2017;"0";"0";"0";0;0;0;0;0;70000;0;42921;0;29070;21843;0;0;0;0;0;0;0;0;0;220497;2852;23388;17714;12709;3081;0;0
"82";2017;"0";"0";"0";0;0;0;0;0;158927;0;113091;0;70352;51517;0;0;0;0;0;0;0;0;0;518856;6671;51471;44609;22217;5062;0;0
"83";2017;"0";"0";"0";0;0;0;0;0;96473;0;75735;0;24388;30193;0;0;0;0;0;0;0;0;0;287806;5068;25728;23176;7044;2445;0;0
"84";2017;"0";"0";"0";0;0;0;0;0;175505;0;106790;0;15457;42691;0;0;0;0;0;0;0;0;0;388042;8931;22861;11490;4318;1462;0;0
"85";2017;"0";"0";"0";0;0;0;0;0;24119;0;20900;0;10516;16202;0;0;0;0;0;0;0;0;0;96542;825;8735;8698;6548;1209;0;0
"86";2017;"0";"0";"0";0;0;0;0;0;36246;0;27912;0;10692;21031;0;0;0;0;0;0;0;0;0;142427;1451;21722;12952;10420;2786;0;0
"87";2017;"0";"0";"0";0;0;0;0;0;44831;0;27684;0;10544;18922;0;0;0;0;0;0;0;0;0;150437;1414;27714;10074;9254;2777;0;0
"88";2017;"0";"0";"0";0;0;0;0;0;106614;0;85366;0;27953;37410;0;0;0;0;0;0;0;0;0;364539;3040;59846;29708;14602;5658;0;0
"89";2017;"0";"0";"0";0;0;0;0;0;66479;0;59126;0;10381;20368;0;0;0;0;0;0;0;0;0;209253;2454;29135;16278;5033;1828;0;0
"90";2017;"0";"0";"0";0;0;0;0;0;90696;0;63412;0;4738;19857;0;0;0;0;0;0;0;0;0;214673;4214;20710;8524;2522;1051;0;0
"91";2017;"0";"0";"0";0;0;0;0;0;27400;0;19197;0;15902;8521;0;0;0;0;0;0;0;0;0;90009;987;4858;8022;5122;1312;0;0
"92";2017;"0";"0";"0";0;0;0;0;0;50525;0;27228;0;16206;13754;0;0;0;0;0;0;0;0;0;143471;1612;13447;11889;8810;2681;0;0
"93";2017;"0";"0";"0";0;0;0;0;0;58631;0;30614;0;15068;15666;0;0;0;0;0;0;0;0;0;156605;1653;16143;11047;7783;2529;0;0
"94";2017;"0";"0";"0";0;0;0;0;0;126937;0;79989;0;37935;33910;0;0;0;0;0;0;0;0;0;357946;3638;35192;25898;14447;7138;0;0
"95";2017;"0";"0";"0";0;0;0;0;0;84216;0;55952;0;11997;19291;0;0;0;0;0;0;0;0;0;209134;2869;17573;12132;5103;2569;0;0
"96";2017;"0";"0";"0";0;0;0;0;0;131311;0;73140;0;7301;20304;0;0;0;0;0;0;0;0;0;257058;5431;10612;5688;3271;1553;0;0
"97";2017;"0";"0";"0";0;0;0;0;0;58152;0;38257;0;34681;47022;0;0;0;0;0;0;0;0;0;248017;1685;24692;20517;23011;1513;0;0
"98";2017;"0";"0";"0";0;0;0;0;0;110131;0;57163;0;47527;67499;0;0;0;0;0;0;0;0;0;421270;1776;62183;38613;36378;4367;0;0
"99";2017;"0";"0";"0";0;0;0;0;0;115036;0;47737;0;50635;59290;0;0;0;0;0;0;0;0;0;404698;2774;76218;28873;24135;4111;0;0
"100";2017;"0";"0";"0";0;0;0;0;0;258954;0;144917;0;123218;112458;0;0;0;0;0;0;0;0;0;906292;6294;167403;61875;31172;7189;0;0
"101";2017;"0";"0";"0";0;0;0;0;0;135918;0;92166;0;48152;59451;0;0;0;0;0;0;0;0;0;456239;5440;74409;33876;6826;1822;0;0
"102";2017;"0";"0";"0";0;0;0;0;0;215816;0;109150;0;35569;75959;0;0;0;0;0;0;0;0;0;529753;9234;59738;20242;4044;770;0;0
"103";2017;"0";"0";"0";0;0;0;0;0;69097;0;37595;0;48315;25165;0;0;0;0;0;0;0;0;0;235696;979;13068;20036;21442;1398;0;0
"104";2017;"0";"0";"0";0;0;0;0;0;139811;0;60676;0;65764;44509;0;0;0;0;0;0;0;0;0;417326;2125;35754;31621;37066;5382;0;0
"105";2017;"0";"0";"0";0;0;0;0;0;138518;0;53357;0;70878;45191;0;0;0;0;0;0;0;0;0;402180;2629;40594;25475;25536;4586;0;0
"106";2017;"0";"0";"0";0;0;0;0;0;309853;0;139769;0;161864;93714;0;0;0;0;0;0;0;0;0;900477;7350;91926;56028;39973;6920;0;0
"107";2017;"0";"0";"0";0;0;0;0;0;179203;0;84449;0;64835;56040;0;0;0;0;0;0;0;0;0;475163;5611;46461;27576;10988;2038;0;0
"108";2017;"0";"0";"0";0;0;0;0;0;331198;0;117133;0;55767;75708;0;0;0;0;0;0;0;0;0;656831;15079;38052;15993;7900;2037;0;0
"109";2017;"0";"0";"0";0;0;0;0;0;0;79830;37285;0;36210;43060;0;0;0;0;0;0;0;0;0;293330;1498;32066;24929;38452;7315;0;0
"110";2017;"0";"0";"0";0;0;0;0;0;0;146760;56861;0;46234;65400;0;0;0;0;0;0;0;0;0;498716;1467;80098;42455;59440;14317;0;0
"111";2017;"0";"0";"0";0;0;0;0;0;0;166043;52887;0;51925;63608;0;0;0;0;0;0;0;0;0;511247;2243;95693;33558;45291;15421;0;0
"112";2017;"0";"0";"0";0;0;0;0;0;0;365034;164997;0;104603;110185;0;0;0;0;0;0;0;0;0;1096921;5076;207657;70501;68868;29253;0;0
"113";2017;"0";"0";"0";0;0;0;0;0;0;207183;110056;0;36076;58308;0;0;0;0;0;0;0;0;0;573716;3621;93789;40446;24237;12413;0;0
"114";2017;"0";"0";"0";0;0;0;0;0;0;316319;133026;0;21792;65658;0;0;0;0;0;0;0;0;0;657438;8320;70066;24540;17715;10425;0;0
"115";2017;"0";"0";"0";0;0;0;0;0;0;92406;38381;0;53534;27392;0;0;0;0;0;0;0;0;0;292805;804;18842;23486;37958;8352;0;0
"116";2017;"0";"0";"0";0;0;0;0;0;0;175220;62175;0;72941;42311;0;0;0;0;0;0;0;0;0;491978;1156;43282;36049;58843;18628;0;0
"117";2017;"0";"0";"0";0;0;0;0;0;0;197655;58886;0;71409;47515;0;0;0;0;0;0;0;0;0;508391;1620;51610;30922;48775;17190;0;0
"118";2017;"0";"0";"0";0;0;0;0;0;0;410796;161709;0;146447;98679;0;0;0;0;0;0;0;0;0;1108157;5428;120070;69170;95858;38233;0;0
"119";2017;"0";"0";"0";0;0;0;0;0;0;256682;104549;0;47052;58133;0;0;0;0;0;0;0;0;0;594282;4471;56370;35434;31590;15262;0;0
"120";2017;"0";"0";"0";0;0;0;0;0;0;455760;150118;0;33891;70999;0;0;0;0;0;0;0;0;0;814025;12092;46757;19312;25097;12387;0;0
"121";2017;"0";"0";"0";0;0;0;0;0;4277;0;4882;0;2556;2611;0;0;0;0;0;0;0;0;0;21678;298;1555;2946;2552;143;0;0
"122";2017;"0";"0";"0";0;0;0;0;0;7021;0;7822;0;1371;3764;0;0;0;0;0;0;0;0;0;33470;614;4730;4530;3619;471;0;0
"123";2017;"0";"0";"0";0;0;0;0;0;8380;0;7140;0;2026;2964;0;0;0;0;0;0;0;0;0;34406;328;6584;4586;2399;479;0;0
"124";2017;"0";"0";"0";0;0;0;0;0;22653;0;24661;0;5501;6446;0;0;0;0;0;0;0;0;0;88507;674;13224;12755;2594;323;0;0
"125";2017;"0";"0";"0";0;0;0;0;0;15571;0;15562;0;2068;4059;0;0;0;0;0;0;0;0;0;54036;764;6540;8332;1139;419;0;0
"126";2017;"0";"0";"0";0;0;0;0;0;23819;0;17062;0;974;3830;0;0;0;0;0;0;0;0;0;58775;1799;5053;5798;442;120;0;0
"127";2017;"0";"0";"0";0;0;0;0;0;4599;0;4481;0;2538;1768;0;0;0;0;0;0;0;0;0;19294;720;1244;2474;1472;190;0;0
"128";2017;"0";"0";"0";0;0;0;0;0;9895;0;8159;0;3060;2832;0;0;0;0;0;0;0;0;0;32921;364;2239;3701;2672;282;0;0
"129";2017;"0";"0";"0";0;0;0;0;0;10951;0;8484;0;2754;2449;0;0;0;0;0;0;0;0;0;35612;603;3899;4695;1778;384;0;0
"130";2017;"0";"0";"0";0;0;0;0;0;25940;0;24193;0;8118;6068;0;0;0;0;0;0;0;0;0;88046;1202;8031;11739;2756;848;0;0
"131";2017;"0";"0";"0";0;0;0;0;0;21282;0;15546;0;2480;3598;0;0;0;0;0;0;0;0;0;56716;986;3745;8124;954;269;0;0
"132";2017;"0";"0";"0";0;0;0;0;0;35185;0;20902;0;1672;4089;0;0;0;0;0;0;0;0;0;71949;1804;2077;5769;452;86;0;0
"133";2017;"0";"0";"0";0;0;0;0;0;7329;0;9678;0;7718;6313;0;0;0;0;0;0;0;0;0;54194;872;4528;10291;7465;207;0;0
"134";2017;"0";"0";"0";0;0;0;0;0;22005;0;22837;0;21968;13359;0;0;0;0;0;0;0;0;0;148986;1549;16227;33020;18021;751;0;0
"135";2017;"0";"0";"0";0;0;0;0;0;25918;0;22527;0;21639;13169;0;0;0;0;0;0;0;0;0;144965;1253;20451;27318;12692;584;0;0
"136";2017;"0";"0";"0";0;0;0;0;0;50432;0;42271;0;34010;24863;0;0;0;0;0;0;0;0;0;266004;2553;53919;44271;13686;889;0;0
"137";2017;"0";"0";"0";0;0;0;0;0;25259;0;24448;0;10185;11401;0;0;0;0;0;0;0;0;0;126404;1644;22956;26628;3885;559;0;0
"138";2017;"0";"0";"0";0;0;0;0;0;46716;0;38508;0;6170;17210;0;0;0;0;0;0;0;0;0;161711;2190;20712;28196;2009;0;0;0
"139";2017;"0";"0";"0";0;0;0;0;0;9172;0;8612;0;11482;3886;0;0;0;0;0;0;0;0;0;57444;562;3117;12161;8452;274;0;0
"140";2017;"0";"0";"0";0;0;0;0;0;29952;0;24330;0;31412;10294;0;0;0;0;0;0;0;0;0;162560;1379;10899;34161;20132;706;0;0
"141";2017;"0";"0";"0";0;0;0;0;0;32334;0;21903;0;28151;10392;0;0;0;0;0;0;0;0;0;144441;1182;12494;24129;13855;379;0;0
"142";2017;"0";"0";"0";0;0;0;0;0;60876;0;42078;0;39561;21338;0;0;0;0;0;0;0;0;0;262979;3061;30150;45596;20320;991;0;0
"143";2017;"0";"0";"0";0;0;0;0;0;36884;0;27439;0;13717;12584;0;0;0;0;0;0;0;0;0;143796;2412;14852;29508;6399;553;0;0
"144";2017;"0";"0";"0";0;0;0;0;0;77444;0;49625;0;8934;22237;0;0;0;0;0;0;0;0;0;218650;4435;14866;35891;5218;434;0;0
"145";2017;"0";"0";"0";0;0;0;0;0;2341;0;2802;0;1853;1625;0;0;0;0;0;0;0;0;0;18554;390;2250;4267;3026;35;0;0
"146";2017;"0";"0";"0";0;0;0;0;0;9620;0;9506;0;8507;5497;0;0;0;0;0;0;0;0;0;66255;626;9223;15170;8105;453;0;0
"147";2017;"0";"0";"0";0;0;0;0;0;11460;0;9806;0;9661;5702;0;0;0;0;0;0;0;0;0;69826;491;12066;14244;6397;283;0;0
"148";2017;"0";"0";"0";0;0;0;0;0;18337;0;13479;0;11586;8049;0;0;0;0;0;0;0;0;0;109713;761;27661;24158;5682;420;0;0
"149";2017;"0";"0";"0";0;0;0;0;0;8897;0;6872;0;2120;2944;0;0;0;0;0;0;0;0;0;50135;627;11046;15881;1749;393;0;0
"150";2017;"0";"0";"0";0;0;0;0;0;11783;0;13537;0;1384;2596;0;0;0;0;0;0;0;0;0;61121;798;8588;21472;963;63;0;0
"151";2017;"0";"0";"0";0;0;0;0;0;3319;0;3207;0;3498;1104;0;0;0;0;0;0;0;0;0;20972;329;1129;4548;3837;94;0;0
"152";2017;"0";"0";"0";0;0;0;0;0;14519;0;10714;0;13024;4411;0;0;0;0;0;0;0;0;0;76024;709;6513;15577;10557;528;0;0
"153";2017;"0";"0";"0";0;0;0;0;0;13901;0;9583;0;11826;4479;0;0;0;0;0;0;0;0;0;68231;570;7515;13641;6717;251;0;0
"154";2017;"0";"0";"0";0;0;0;0;0;24408;0;14818;0;12445;6472;0;0;0;0;0;0;0;0;0;111269;1140;15897;26833;9257;726;0;0
"155";2017;"0";"0";"0";0;0;0;0;0;12966;0;7539;0;3211;3364;0;0;0;0;0;0;0;0;0;57854;997;7640;18940;3197;397;0;0
"156";2017;"0";"0";"0";0;0;0;0;0;19738;0;16379;0;2694;3675;0;0;0;0;0;0;0;0;0;82677;1560;6494;29668;2469;344;0;0
"157";2017;"0";"0";"0";0;0;0;0;0;4989;0;6875;0;5864;4687;0;0;0;0;0;0;0;0;0;35641;482;2279;6024;4440;171;0;0
"158";2017;"0";"0";"0";0;0;0;0;0;12385;0;13331;0;13461;7862;0;0;0;0;0;0;0;0;0;82731;922;7003;17850;9916;298;0;0
"159";2017;"0";"0";"0";0;0;0;0;0;14458;0;12721;0;11977;7467;0;0;0;0;0;0;0;0;0;75139;762;8385;13074;6295;301;0;0
"160";2017;"0";"0";"0";0;0;0;0;0;32095;0;28792;0;22424;16814;0;0;0;0;0;0;0;0;0;156291;1792;26258;20112;8004;469;0;0
"161";2017;"0";"0";"0";0;0;0;0;0;16362;0;17576;0;8064;8457;0;0;0;0;0;0;0;0;0;76269;1017;11909;10747;2137;167;0;0
"162";2017;"0";"0";"0";0;0;0;0;0;34933;0;24971;0;4786;14614;0;0;0;0;0;0;0;0;0;100590;1393;12124;6723;1046;14;0;0
"163";2017;"0";"0";"0";0;0;0;0;0;5853;0;5405;0;7984;2781;0;0;0;0;0;0;0;0;0;36473;233;1988;7613;4615;180;0;0
"164";2017;"0";"0";"0";0;0;0;0;0;15434;0;13616;0;18389;5883;0;0;0;0;0;0;0;0;0;86537;670;4386;18584;9575;178;0;0
"165";2017;"0";"0";"0";0;0;0;0;0;18433;0;12320;0;16325;5914;0;0;0;0;0;0;0;0;0;76210;613;4979;10488;7139;128;0;0
"166";2017;"0";"0";"0";0;0;0;0;0;36468;0;27260;0;27117;14867;0;0;0;0;0;0;0;0;0;151710;1921;14253;18763;11062;264;0;0
"167";2017;"0";"0";"0";0;0;0;0;0;23918;0;19899;0;10506;9221;0;0;0;0;0;0;0;0;0;85942;1415;7212;10568;3202;156;0;0
"168";2017;"0";"0";"0";0;0;0;0;0;57706;0;33245;0;6240;18562;0;0;0;0;0;0;0;0;0;135973;2875;8372;6224;2749;90;0;0
"169";2017;"0";"0";"0";0;0;0;0;0;6304;0;5208;0;3152;4095;0;0;0;0;0;0;0;0;0;33784;433;5486;4767;4340;228;0;0
"170";2017;"0";"0";"0";0;0;0;0;0;14429;0;10225;0;3897;6337;0;0;0;0;0;0;0;0;0;80426;783;22484;11354;10915;990;0;0
"171";2017;"0";"0";"0";0;0;0;0;0;23567;0;12043;0;5294;9268;0;0;0;0;0;0;0;0;0;103538;901;32335;11566;8566;1213;0;0
"172";2017;"0";"0";"0";0;0;0;0;0;54323;0;33822;0;10743;19054;0;0;0;0;0;0;0;0;0;235825;1948;70874;33181;11880;2629;0;0
"173";2017;"0";"0";"0";0;0;0;0;0;29839;0;24711;0;4090;8928;0;0;0;0;0;0;0;0;0;135437;1434;33709;28595;4132;1336;0;0
"174";2017;"0";"0";"0";0;0;0;0;0;38118;0;38096;0;2772;6809;0;0;0;0;0;0;0;0;0;147707;2991;23991;32607;2323;1320;0;0
"175";2017;"0";"0";"0";0;0;0;0;0;7154;0;4501;0;5154;2322;0;0;0;0;0;0;0;0;0;32501;362;3693;4970;4344;359;0;0
"176";2017;"0";"0";"0";0;0;0;0;0;19676;0;12509;0;6246;4720;0;0;0;0;0;0;0;0;0;83038;1123;15663;11529;11572;1457;0;0
"177";2017;"0";"0";"0";0;0;0;0;0;30825;0;14069;0;8020;7636;0;0;0;0;0;0;0;0;0;102492;975;18723;13722;8522;1359;0;0
"178";2017;"0";"0";"0";0;0;0;0;0;68389;0;36150;0;15319;18543;0;0;0;0;0;0;0;0;0;237007;2468;40088;39142;16907;3614;0;0
"179";2017;"0";"0";"0";0;0;0;0;0;43394;0;25948;0;5426;8911;0;0;0;0;0;0;0;0;0;141994;2181;19904;29806;6423;2045;0;0
"180";2017;"0";"0";"0";0;0;0;0;0;61821;0;44540;0;4859;8862;0;0;0;0;0;0;0;0;0;178397;5715;14153;34481;3966;1210;0;0
"181";2017;"0";"0";"0";0;0;0;0;0;4766;0;3085;0;2110;3334;0;0;0;0;0;0;0;0;0;21700;111;2876;2331;3088;52;0;0
"182";2017;"0";"0";"0";0;0;0;0;0;11954;0;6810;0;3389;4150;0;0;0;0;0;0;0;0;0;53231;366;13116;7714;5731;568;0;0
"183";2017;"0";"0";"0";0;0;0;0;0;16459;0;6056;0;3023;3975;0;0;0;0;0;0;0;0;0;58461;476;16938;6977;4558;302;0;0
"184";2017;"0";"0";"0";0;0;0;0;0;38623;0;16076;0;4417;9250;0;0;0;0;0;0;0;0;0;136156;1258;38808;21981;5742;1405;0;0
"185";2017;"0";"0";"0";0;0;0;0;0;25072;0;13471;0;2202;4514;0;0;0;0;0;0;0;0;0;88869;859;21249;19188;2316;515;0;0
"186";2017;"0";"0";"0";0;0;0;0;0;29021;0;20853;0;1209;3909;0;0;0;0;0;0;0;0;0;94318;1669;15160;21729;769;252;0;0
"187";2017;"0";"0";"0";0;0;0;0;0;6227;0;3093;0;3234;1625;0;0;0;0;0;0;0;0;0;22680;205;2181;3262;2852;134;0;0
"188";2017;"0";"0";"0";0;0;0;0;0;16090;0;7230;0;4372;3284;0;0;0;0;0;0;0;0;0;53177;464;8327;7161;6248;642;0;0
"189";2017;"0";"0";"0";0;0;0;0;0;20872;0;6805;0;3717;4467;0;0;0;0;0;0;0;0;0;57081;453;9631;7222;3914;641;0;0
"190";2017;"0";"0";"0";0;0;0;0;0;49466;0;18259;0;6896;9272;0;0;0;0;0;0;0;0;0;138429;1208;21833;25066;6427;1871;0;0
"191";2017;"0";"0";"0";0;0;0;0;0;37600;0;15337;0;2647;5099;0;0;0;0;0;0;0;0;0;96332;1126;12416;19771;2335;799;0;0
"192";2017;"0";"0";"0";0;0;0;0;0;51114;0;22615;0;2298;5015;0;0;0;0;0;0;0;0;0;118152;2881;9874;22964;1391;362;0;0
"193";2017;"0";"0";"0";0;0;0;0;0;9741;0;6103;0;4231;6848;0;0;0;0;0;0;0;0;0;60323;570;13256;10185;9390;822;0;0
"194";2017;"0";"0";"0";0;0;0;0;0;28359;0;13855;0;8097;17058;0;0;0;0;0;0;0;0;0;168720;1719;53352;23818;22462;1952;0;0
"195";2017;"0";"0";"0";0;0;0;0;0;37670;0;15224;0;12009;18504;0;0;0;0;0;0;0;0;0;195130;1532;69641;24813;15737;2215;0;0
"196";2017;"0";"0";"0";0;0;0;0;0;72987;0;29382;0;15002;29524;0;0;0;0;0;0;0;0;0;351076;2823;136691;46451;18216;3135;0;0
"197";2017;"0";"0";"0";0;0;0;0;0;50628;0;22572;0;4162;14847;0;0;0;0;0;0;0;0;0;208950;1989;72575;35628;6550;1873;0;0
"198";2017;"0";"0";"0";0;0;0;0;0;71042;0;40848;0;3156;14277;0;0;0;0;0;0;0;0;0;244117;4909;56920;49755;3211;981;0;0
"199";2017;"0";"0";"0";0;0;0;0;0;10427;0;6204;0;7870;5052;0;0;0;0;0;0;0;0;0;59862;527;10289;9584;9908;857;0;0
"200";2017;"0";"0";"0";0;0;0;0;0;37182;0;16860;0;12345;14358;0;0;0;0;0;0;0;0;0;167956;1605;36145;25267;24194;2623;0;0
"201";2017;"0";"0";"0";0;0;0;0;0;49852;0;14225;0;14830;15926;0;0;0;0;0;0;0;0;0;175641;1665;40525;23197;15421;2422;0;0
"202";2017;"0";"0";"0";0;0;0;0;0;95747;0;30237;0;18229;31571;0;0;0;0;0;0;0;0;0;345322;2815;89784;52181;24758;5215;0;0
"203";2017;"0";"0";"0";0;0;0;0;0;73009;0;23063;0;6823;16859;0;0;0;0;0;0;0;0;0;224284;2937;48425;42741;10426;3160;0;0
"204";2017;"0";"0";"0";0;0;0;0;0;129106;0;42533;0;6854;18839;0;0;0;0;0;0;0;0;0;308304;7188;42337;55007;6440;2215;0;0
"205";2017;"0";"0";"0";0;0;0;0;0;5634;0;3887;0;2162;4220;0;0;0;0;0;0;0;0;0;29103;489;4492;4722;3497;211;0;0
"206";2017;"0";"0";"0";0;0;0;0;0;15214;0;10540;0;4428;6884;0;0;0;0;0;0;0;0;0;77024;883;20104;10164;8807;981;0;0
"207";2017;"0";"0";"0";0;0;0;0;0;20099;0;8572;0;3568;8243;0;0;0;0;0;0;0;0;0;81432;918;24361;9772;5899;982;0;0
"208";2017;"0";"0";"0";0;0;0;0;0;43646;0;23176;0;5081;15137;0;0;0;0;0;0;0;0;0;182871;1974;55277;30170;8408;1786;0;0
"209";2017;"0";"0";"0";0;0;0;0;0;30224;0;17754;0;1954;7635;0;0;0;0;0;0;0;0;0;114752;1496;28229;24382;3080;800;0;0
"210";2017;"0";"0";"0";0;0;0;0;0;39096;0;28117;0;1825;6451;0;0;0;0;0;0;0;0;0;126261;2545;19876;26488;1863;395;0;0
"211";2017;"0";"0";"0";0;0;0;0;0;7328;0;4466;0;4191;2469;0;0;0;0;0;0;0;0;0;30428;604;2404;5401;3565;403;0;0
"212";2017;"0";"0";"0";0;0;0;0;0;19958;0;10252;0;5171;5236;0;0;0;0;0;0;0;0;0;75661;1007;13992;10780;9265;1086;0;0
"213";2017;"0";"0";"0";0;0;0;0;0;23117;0;9362;0;3953;7520;0;0;0;0;0;0;0;0;0;76445;792;14214;10389;7098;1486;0;0
"214";2017;"0";"0";"0";0;0;0;0;0;59712;0;24165;0;8147;15099;0;0;0;0;0;0;0;0;0;185017;2236;31065;33509;11084;2810;0;0
"215";2017;"0";"0";"0";0;0;0;0;0;46518;0;17797;0;2947;8758;0;0;0;0;0;0;0;0;0;125320;1752;17454;25587;4507;1037;0;0
"216";2017;"0";"0";"0";0;0;0;0;0;66865;0;30891;0;2816;8904;0;0;0;0;0;0;0;0;0;159159;3797;12933;29494;3458;1060;0;0
"217";2017;"0";"0";"0";0;0;0;0;0;4952;0;4253;0;2031;3668;0;0;0;0;0;0;0;0;0;30951;269;6217;4655;4906;319;0;0
"218";2017;"0";"0";"0";0;0;0;0;0;15828;0;8861;0;3521;6255;0;0;0;0;0;0;0;0;0;80380;889;23789;10457;10781;1276;0;0
"219";2017;"0";"0";"0";0;0;0;0;0;20123;0;8279;0;3510;8642;0;0;0;0;0;0;0;0;0;91912;521;32095;10231;8511;1436;0;0
"220";2017;"0";"0";"0";0;0;0;0;0;43254;0;19621;0;7042;16109;0;0;0;0;0;0;0;0;0;189542;1314;64018;27742;10443;3512;0;0
"221";2017;"0";"0";"0";0;0;0;0;0;31385;0;16731;0;2995;8342;0;0;0;0;0;0;0;0;0;123356;1345;33268;25627;3663;1284;0;0
"222";2017;"0";"0";"0";0;0;0;0;0;37907;0;23650;0;2044;6725;0;0;0;0;0;0;0;0;0;123639;2284;21164;27801;2063;779;0;0
"223";2017;"0";"0";"0";0;0;0;0;0;6609;0;3439;0;3950;2310;0;0;0;0;0;0;0;0;0;28915;338;3746;3907;4614;605;0;0
"224";2017;"0";"0";"0";0;0;0;0;0;19228;0;9971;0;4907;6088;0;0;0;0;0;0;0;0;0;76298;671;15162;10513;9760;1613;0;0
"225";2017;"0";"0";"0";0;0;0;0;0;25602;0;9245;0;5656;7782;0;0;0;0;0;0;0;0;0;86471;984;18875;10713;7614;1844;0;0
"226";2017;"0";"0";"0";0;0;0;0;0;57432;0;21226;0;9180;15881;0;0;0;0;0;0;0;0;0;187117;2022;37905;30720;12751;4623;0;0
"227";2017;"0";"0";"0";0;0;0;0;0;42762;0;18471;0;4517;9941;0;0;0;0;0;0;0;0;0;129284;2020;20425;25465;5683;2450;0;0
"228";2017;"0";"0";"0";0;0;0;0;0;67177;0;27287;0;3987;9386;0;0;0;0;0;0;0;0;0;164185;4946;17404;30380;3618;1623;0;0
"229";2021;"0";"0";"0";0;0;0;0;0;144731;46187;257994;0;348148;461111;0;0;0;0;0;0;0;0;0;1771704;8609;136303;118383;250238;43554;16989;0
"230";2021;"0";"0";"0";0;0;0;0;0;301142;97649;486974;0;592441;530975;0;0;0;0;0;0;0;0;0;3002958;17165;356394;205209;415010;90477;38809;0
"231";2021;"0";"0";"0";0;0;0;0;0;446837;131675;562259;0;544172;435439;0;0;0;0;0;0;0;0;0;3206665;17889;554369;160645;353382;97270;53962;0
"232";2021;"0";"0";"0";0;0;0;0;0;1138360;307460;1489471;0;815974;739924;0;0;0;0;0;0;0;0;0;6242161;37884;1003998;255486;453603;155698;86201;0
"233";2021;"0";"0";"0";0;0;0;0;0;807128;246294;1265665;0;456634;381053;0;0;0;0;0;0;0;0;0;4138983;34988;543848;207260;196113;82869;35763;0
"234";2021;"0";"0";"0";0;0;0;0;0;1272817;317914;1462897;0;277292;343288;0;0;0;0;0;0;0;0;0;4372237;58700;341489;187525;110316;46922;14728;0
"235";2021;"0";"0";"0";0;0;0;0;0;142738;43631;287640;0;492694;258648;0;0;0;0;0;0;0;0;0;1753095;11192;87458;154956;274139;43622;21626;0
"236";2021;"0";"0";"0";0;0;0;0;0;309956;99525;550848;0;770476;357148;0;0;0;0;0;0;0;0;0;2989744;18634;238724;189361;455073;96409;54056;0
"237";2021;"0";"0";"0";0;0;0;0;0;485180;137361;674036;0;654950;363384;0;0;0;0;0;0;0;0;0;3260299;23148;348645;147606;425989;112407;79799;0
"238";2021;"0";"0";"0";0;0;0;0;0;1122204;310385;1692944;0;1010716;676307;0;0;0;0;0;0;0;0;0;6361936;48390;600326;259933;640732;188505;135501;0
"239";2021;"0";"0";"0";0;0;0;0;0;895662;246580;1380886;0;525859;372200;0;0;0;0;0;0;0;0;0;4296976;43582;351319;197851;283038;94566;59968;0
"240";2021;"0";"0";"0";0;0;0;0;0;1708716;418165;1843821;0;362852;400475;0;0;0;0;0;0;0;0;0;5457749;92304;241030;186692;203694;75485;32750;0
"241";2021;"0";"0";"0";0;0;0;0;0;5550;0;11466;0;14872;17629;0;0;0;0;0;0;0;0;0;66529;593;3653;4253;8512;527;349;0
"242";2021;"0";"0";"0";0;0;0;0;0;11268;0;17128;0;19996;18734;0;0;0;0;0;0;0;0;0;96579;390;10723;5871;12469;1155;929;0
"243";2021;"0";"0";"0";0;0;0;0;0;17920;0;23417;0;20032;14787;0;0;0;0;0;0;0;0;0;107371;414;13783;4559;12458;1570;2390;0
"244";2021;"0";"0";"0";0;0;0;0;0;53882;0;64224;0;40332;31064;0;0;0;0;0;0;0;0;0;245329;1154;25932;7755;20986;3108;3057;0
"245";2021;"0";"0";"0";0;0;0;0;0;32503;0;49395;0;25324;15210;0;0;0;0;0;0;0;0;0;150261;1307;11444;5993;9086;1347;1651;0
"246";2021;"0";"0";"0";0;0;0;0;0;65610;0;63747;0;18770;21407;0;0;0;0;0;0;0;0;0;189819;2523;8461;3609;5693;463;403;0
"247";2021;"0";"0";"0";0;0;0;0;0;5302;0;11094;0;20965;11224;0;0;0;0;0;0;0;0;0;65832;276;2506;5644;8821;918;449;0
"248";2021;"0";"0";"0";0;0;0;0;0;11560;0;20824;0;25373;12733;0;0;0;0;0;0;0;0;0;99872;628;7678;5263;15813;1609;1783;0
"249";2021;"0";"0";"0";0;0;0;0;0;21794;0;28064;0;27479;14440;0;0;0;0;0;0;0;0;0;121165;596;8558;4895;15340;1804;2654;0
"250";2021;"0";"0";"0";0;0;0;0;0;50226;0;73017;0;53236;28012;0;0;0;0;0;0;0;0;0;255806;1408;13898;9304;26705;2958;5922;0
"251";2021;"0";"0";"0";0;0;0;0;0;34304;0;53956;0;30823;14673;0;0;0;0;0;0;0;0;0;156623;890;7009;4695;10273;757;2581;0
"252";2021;"0";"0";"0";0;0;0;0;0;78480;0;77722;0;25561;20125;0;0;0;0;0;0;0;0;0;220958;3212;5923;2398;7538;825;1240;0
"253";2021;"0";"0";"0";0;0;0;0;0;2668;0;6807;0;11902;11628;0;0;0;0;0;0;0;0;0;44532;153;2107;4173;5095;360;536;0
"254";2021;"0";"0";"0";0;0;0;0;0;7217;0;16989;0;30129;14598;0;0;0;0;0;0;0;0;0;91419;334;3714;8773;9666;857;1025;0
"255";2021;"0";"0";"0";0;0;0;0;0;8656;0;17768;0;25334;10486;0;0;0;0;0;0;0;0;0;81779;360;6391;5951;6833;871;961;0
"256";2021;"0";"0";"0";0;0;0;0;0;19043;0;38797;0;24577;15696;0;0;0;0;0;0;0;0;0;124527;544;11035;8363;6473;745;1534;0
"257";2021;"0";"0";"0";0;0;0;0;0;10072;0;23813;0;10162;6395;0;0;0;0;0;0;0;0;0;61883;464;4614;4705;1658;27;673;0
"258";2021;"0";"0";"0";0;0;0;0;0;22716;0;31323;0;5988;8258;0;0;0;0;0;0;0;0;0;76961;679;3713;2939;1344;15;400;0
"259";2021;"0";"0";"0";0;0;0;0;0;2819;0;7196;0;17471;5388;0;0;0;0;0;0;0;0;0;44847;265;1365;5453;4891;127;313;0
"260";2021;"0";"0";"0";0;0;0;0;0;7848;0;18746;0;43262;10011;0;0;0;0;0;0;0;0;0;101221;171;1685;9203;10295;831;1353;0
"261";2021;"0";"0";"0";0;0;0;0;0;9518;0;22610;0;29660;6809;0;0;0;0;0;0;0;0;0;85804;254;4371;5061;7521;528;2244;0
"262";2021;"0";"0";"0";0;0;0;0;0;19391;0;41509;0;31166;10849;0;0;0;0;0;0;0;0;0;125650;663;5728;7169;9175;858;2859;0
"263";2021;"0";"0";"0";0;0;0;0;0;12844;0;28084;0;11582;5685;0;0;0;0;0;0;0;0;0;68389;342;2942;3714;3195;104;1174;0
"264";2021;"0";"0";"0";0;0;0;0;0;32428;0;44701;0;9299;8800;0;0;0;0;0;0;0;0;0;104032;1271;2871;2074;2588;278;889;0
"265";2021;"0";"0";"0";0;0;0;0;0;19713;0;31832;0;35423;45626;0;0;0;0;0;0;0;0;0;173912;651;10451;11591;18624;1854;1056;0
"266";2021;"0";"0";"0";0;0;0;0;0;40805;0;63686;0;56735;49618;0;0;0;0;0;0;0;0;0;283239;1157;27990;15723;27525;3113;2761;0
"267";2021;"0";"0";"0";0;0;0;0;0;57380;0;69660;0;51570;36432;0;0;0;0;0;0;0;0;0;289724;1052;41631;11224;20775;3448;4007;0
"268";2021;"0";"0";"0";0;0;0;0;0;145006;0;204026;0;84218;64632;0;0;0;0;0;0;0;0;0;616405;2360;72642;18361;25159;5148;5990;0
"269";2021;"0";"0";"0";0;0;0;0;0;92381;0;153875;0;52973;33941;0;0;0;0;0;0;0;0;0;391551;2856;35108;12832;7585;2072;2416;0
"270";2021;"0";"0";"0";0;0;0;0;0;164586;0;177338;0;34497;35844;0;0;0;0;0;0;0;0;0;452178;4793;21794;7447;5879;1226;1644;0
"271";2021;"0";"0";"0";0;0;0;0;0;19583;0;38629;0;52750;26472;0;0;0;0;0;0;0;0;0;179043;1905;6927;13355;19421;1195;1882;0
"272";2021;"0";"0";"0";0;0;0;0;0;42297;0;74057;0;77124;29257;0;0;0;0;0;0;0;0;0;285474;1887;17394;13181;30277;3775;3297;0
"273";2021;"0";"0";"0";0;0;0;0;0;60449;0;86151;0;65243;29872;0;0;0;0;0;0;0;0;0;308627;2758;25828;10929;27395;4046;6388;0
"274";2021;"0";"0";"0";0;0;0;0;0;138751;0;224978;0;113143;56930;0;0;0;0;0;0;0;0;0;636406;5401;41756;17682;37765;6740;9954;0
"275";2021;"0";"0";"0";0;0;0;0;0;104214;0;167955;0;62498;31344;0;0;0;0;0;0;0;0;0;416184;4528;20703;10334;14607;2806;4037;0
"276";2021;"0";"0";"0";0;0;0;0;0;208412;0;206312;0;40438;34669;0;0;0;0;0;0;0;0;0;530398;10572;14211;5996;9788;1790;2937;0
"277";2021;"0";"0";"0";0;0;0;0;0;829;0;1654;0;3412;2654;0;0;0;0;0;0;0;0;0;12350;38;791;1394;1577;88;65;0
"278";2021;"0";"0";"0";0;0;0;0;0;1964;0;3997;0;6444;3405;0;0;0;0;0;0;0;0;0;22574;58;1540;2919;2248;123;248;0
"279";2021;"0";"0";"0";0;0;0;0;0;2870;0;4517;0;4786;2071;0;0;0;0;0;0;0;0;0;20338;55;2213;2048;1777;242;241;0
"280";2021;"0";"0";"0";0;0;0;0;0;6922;0;12513;0;7546;4038;0;0;0;0;0;0;0;0;0;42364;385;5241;2967;2753;554;440;0
"281";2021;"0";"0";"0";0;0;0;0;0;4817;0;10273;0;4098;1762;0;0;0;0;0;0;0;0;0;26975;128;2924;2132;842;184;240;0
"282";2021;"0";"0";"0";0;0;0;0;0;9109;0;14536;0;2771;2484;0;0;0;0;0;0;0;0;0;33055;300;1468;1580;806;142;175;0
"283";2021;"0";"0";"0";0;0;0;0;0;970;0;2038;0;4219;1511;0;0;0;0;0;0;0;0;0;12670;9;458;1988;1477;88;95;0
"284";2021;"0";"0";"0";0;0;0;0;0;1901;0;4199;0;8607;2237;0;0;0;0;0;0;0;0;0;23073;157;920;2527;2524;307;202;0
"285";2021;"0";"0";"0";0;0;0;0;0;2952;0;4849;0;6484;1706;0;0;0;0;0;0;0;0;0;21501;277;1511;1777;1945;212;385;0
"286";2021;"0";"0";"0";0;0;0;0;0;7372;0;14135;0;9705;3510;0;0;0;0;0;0;0;0;0;43708;174;2625;2547;3640;614;843;0
"287";2021;"0";"0";"0";0;0;0;0;0;4861;0;11293;0;5784;1785;0;0;0;0;0;0;0;0;0;28888;250;1730;2103;1082;223;275;0
"288";2021;"0";"0";"0";0;0;0;0;0;11933;0;19219;0;4571;3318;0;0;0;0;0;0;0;0;0;42936;559;1154;1370;812;132;252;0
"289";2021;"0";"0";"0";0;0;0;0;0;44697;0;63104;0;87848;105511;0;0;0;0;0;0;0;0;0;396603;1955;22065;22368;49054;2948;2957;0
"290";2021;"0";"0";"0";0;0;0;0;0;92872;0;117949;0;140113;117062;0;0;0;0;0;0;0;0;0;649255;3927;57699;40852;78782;5974;6838;0
"291";2021;"0";"0";"0";0;0;0;0;0;123894;0;125064;0;117268;87960;0;0;0;0;0;0;0;0;0;621713;2288;83317;27209;54711;6037;8426;0
"292";2021;"0";"0";"0";0;0;0;0;0;334142;0;385712;0;195638;153911;0;0;0;0;0;0;0;0;0;1346033;7733;155311;46284;67302;10126;14406;0
"293";2021;"0";"0";"0";0;0;0;0;0;227267;0;313641;0;106377;76473;0;0;0;0;0;0;0;0;0;868696;6555;81648;33628;23107;4598;5462;0
"294";2021;"0";"0";"0";0;0;0;0;0;366851;0;335888;0;61018;76945;0;0;0;0;0;0;0;0;0;929471;10348;47229;19337;11854;3105;2333;0
"295";2021;"0";"0";"0";0;0;0;0;0;43748;0;73220;0;120723;53537;0;0;0;0;0;0;0;0;0;392602;1784;13417;32592;53580;2637;3308;0
"296";2021;"0";"0";"0";0;0;0;0;0;91665;0;131832;0;178425;77557;0;0;0;0;0;0;0;0;0;638489;4228;36123;36073;82586;5035;8218;0
"297";2021;"0";"0";"0";0;0;0;0;0;137456;0;152382;0;145255;71804;0;0;0;0;0;0;0;0;0;652352;3499;50651;24550;66758;5292;12083;0
"298";2021;"0";"0";"0";0;0;0;0;0;339719;0;433398;0;234795;143754;0;0;0;0;0;0;0;0;0;1387273;9722;88859;42610;94416;10472;21712;0
"299";2021;"0";"0";"0";0;0;0;0;0;257534;0;331309;0;124651;75221;0;0;0;0;0;0;0;0;0;908315;7651;50646;26733;34570;4984;8344;0
"300";2021;"0";"0";"0";0;0;0;0;0;506874;0;416727;0;74957;90419;0;0;0;0;0;0;0;0;0;1170182;13264;30545;14710;22686;3783;5131;0
"301";2021;"0";"0";"0";0;0;0;0;0;12430;0;20936;0;24881;34937;0;0;0;0;0;0;0;0;0;127085;631;6553;9085;17631;2403;1223;0
"302";2021;"0";"0";"0";0;0;0;0;0;27709;0;36836;0;42555;39326;0;0;0;0;0;0;0;0;0;216372;2236;21916;16088;29706;5581;2808;0
"303";2021;"0";"0";"0";0;0;0;0;0;37997;0;41759;0;40267;32883;0;0;0;0;0;0;0;0;0;220187;1560;29684;12534;23504;5553;4236;0
"304";2021;"0";"0";"0";0;0;0;0;0;94035;0;113062;0;61926;58452;0;0;0;0;0;0;0;0;0;437793;4093;61311;16922;27992;7967;5979;0
"305";2021;"0";"0";"0";0;0;0;0;0;69476;0;96804;0;36295;30725;0;0;0;0;0;0;0;0;0;293585;3188;33067;12252;11777;3618;2382;0
"306";2021;"0";"0";"0";0;0;0;0;0;113071;0;111714;0;19959;30606;0;0;0;0;0;0;0;0;0;317452;5602;23151;8078;5271;1712;875;0
"307";2021;"0";"0";"0";0;0;0;0;0;12187;0;21545;0;38247;20838;0;0;0;0;0;0;0;0;0;130136;1161;5108;11758;19291;2104;1230;0
"308";2021;"0";"0";"0";0;0;0;0;0;27016;0;43516;0;55371;27385;0;0;0;0;0;0;0;0;0;214516;1823;15366;13761;30278;4040;3838;0
"309";2021;"0";"0";"0";0;0;0;0;0;41219;0;50205;0;48287;27873;0;0;0;0;0;0;0;0;0;226107;2369;19284;9745;27126;5655;5374;0
"310";2021;"0";"0";"0";0;0;0;0;0;92971;0;129772;0;80330;52577;0;0;0;0;0;0;0;0;0;454217;5248;37157;15712;40451;9900;8727;0
"311";2021;"0";"0";"0";0;0;0;0;0;73216;0;100956;0;44522;29765;0;0;0;0;0;0;0;0;0;302184;4073;22502;10451;16699;3879;4204;0
"312";2021;"0";"0";"0";0;0;0;0;0;152185;0;142929;0;28771;36254;0;0;0;0;0;0;0;0;0;401005;7846;15880;6199;10940;3742;2229;0
"313";2021;"0";"0";"0";0;0;0;0;0;9647;0;16037;0;14572;25483;0;0;0;0;0;0;0;0;0;91879;494;6856;5282;13509;3153;737;0
"314";2021;"0";"0";"0";0;0;0;0;0;17841;0;30168;0;23287;25754;0;0;0;0;0;0;0;0;0;146243;1016;18005;7855;22317;6326;2099;0
"315";2021;"0";"0";"0";0;0;0;0;0;26932;0;30701;0;18312;20378;0;0;0;0;0;0;0;0;0;147232;1014;25724;6706;17465;7101;2315;0
"316";2021;"0";"0";"0";0;0;0;0;0;72596;0;91335;0;36537;38846;0;0;0;0;0;0;0;0;0;323524;2127;47205;10031;24846;12193;4085;0
"317";2021;"0";"0";"0";0;0;0;0;0;58654;0;76999;0;24242;20267;0;0;0;0;0;0;0;0;0;223643;1809;23261;6639;11772;6537;1931;0
"318";2021;"0";"0";"0";0;0;0;0;0;88420;0;75903;0;11051;16948;0;0;0;0;0;0;0;0;0;219270;3442;14197;3432;5877;3564;560;0
"319";2021;"0";"0";"0";0;0;0;0;0;9886;0;17527;0;24028;13154;0;0;0;0;0;0;0;0;0;89180;473;3812;5863;14437;2587;902;0
"320";2021;"0";"0";"0";0;0;0;0;0;19400;0;30514;0;28393;17382;0;0;0;0;0;0;0;0;0;137976;934;11239;7334;22780;7138;2669;0
"321";2021;"0";"0";"0";0;0;0;0;0;29494;0;36735;0;24645;17110;0;0;0;0;0;0;0;0;0;150186;1275;15565;5426;19936;7812;2798;0
"322";2021;"0";"0";"0";0;0;0;0;0;69245;0;100890;0;46696;35236;0;0;0;0;0;0;0;0;0;324609;2411;26436;8526;35168;14148;6378;0
"323";2021;"0";"0";"0";0;0;0;0;0;61997;0;81235;0;25819;20675;0;0;0;0;0;0;0;0;0;228922;2981;13828;6459;15928;7910;3037;0
"324";2021;"0";"0";"0";0;0;0;0;0;112421;0;97491;0;15553;21218;0;0;0;0;0;0;0;0;0;274358;4892;9078;2569;11137;5928;1207;0
"325";2021;"0";"0";"0";0;0;0;0;0;27618;0;30521;0;49729;76516;0;0;0;0;0;0;0;0;0;248715;703;17886;13130;32612;3760;2659;0
"326";2021;"0";"0";"0";0;0;0;0;0;57905;0;61404;0;84001;96344;0;0;0;0;0;0;0;0;0;421030;1609;45579;23118;51071;9335;7189;0
"327";2021;"0";"0";"0";0;0;0;0;0;76433;0;61826;0;75417;74493;0;0;0;0;0;0;0;0;0;414072;1744;66041;16111;42007;9107;9251;0
"328";2021;"0";"0";"0";0;0;0;0;0;195180;0;162037;0;122832;122831;0;0;0;0;0;0;0;0;0;808921;4839;122972;23224;55006;15592;15772;0
"329";2021;"0";"0";"0";0;0;0;0;0;135068;0;137370;0;73967;66689;0;0;0;0;0;0;0;0;0;514934;4234;60818;16504;20284;5403;6817;0
"330";2021;"0";"0";"0";0;0;0;0;0;210823;0;150353;0;47234;60771;0;0;0;0;0;0;0;0;0;536352;7212;39164;8986;11809;4031;2508;0
"331";2021;"0";"0";"0";0;0;0;0;0;26913;0;34199;0;68506;44796;0;0;0;0;0;0;0;0;0;237833;1244;9513;18911;33752;4831;3882;0
"332";2021;"0";"0";"0";0;0;0;0;0;60272;0;68451;0;109768;65122;0;0;0;0;0;0;0;0;0;411319;1810;28929;19993;56973;10693;9769;0
"333";2021;"0";"0";"0";0;0;0;0;0;81139;0;74188;0;88389;59787;0;0;0;0;0;0;0;0;0;410320;1960;40628;13807;50423;10569;14503;0
"334";2021;"0";"0";"0";0;0;0;0;0;188654;0;183112;0;150771;112241;0;0;0;0;0;0;0;0;0;811694;5484;72516;22053;76861;16872;24526;0
"335";2021;"0";"0";"0";0;0;0;0;0;145741;0;142540;0;86837;62310;0;0;0;0;0;0;0;0;0;530368;5014;41949;13528;32448;7422;11431;0
"336";2021;"0";"0";"0";0;0;0;0;0;271866;0;181934;0;64777;66139;0;0;0;0;0;0;0;0;0;651759;11804;25341;7507;22392;5997;6611;0
"337";2021;"0";"0";"0";0;0;0;0;0;0;46187;34973;0;52078;74560;0;0;0;0;0;0;0;0;0;303214;659;24176;14360;56222;23362;4917;0
"338";2021;"0";"0";"0";0;0;0;0;0;0;97649;61363;0;93929;90164;0;0;0;0;0;0;0;0;0;528833;998;60725;24904;99101;45631;8124;0
"339";2021;"0";"0";"0";0;0;0;0;0;0;131675;70634;0;86852;68992;0;0;0;0;0;0;0;0;0;543164;2131;80515;16564;85801;45981;10085;0
"340";2021;"0";"0";"0";0;0;0;0;0;0;307460;173764;0;131802;117011;0;0;0;0;0;0;0;0;0;1025808;3601;140400;23711;128057;76096;18320;0
"341";2021;"0";"0";"0";0;0;0;0;0;0;246294;153156;0;75506;59874;0;0;0;0;0;0;0;0;0;694724;2913;76371;17055;63555;43218;6733;0
"342";2021;"0";"0";"0";0;0;0;0;0;0;317914;146160;0;39640;38276;0;0;0;0;0;0;0;0;0;630599;6454;37952;10032;34173;23157;2953;0
"343";2021;"0";"0";"0";0;0;0;0;0;0;43631;39040;0;74039;42073;0;0;0;0;0;0;0;0;0;296126;812;15037;19373;62120;24234;5697;0
"344";2021;"0";"0";"0";0;0;0;0;0;0;99525;72294;0;119268;59727;0;0;0;0;0;0;0;0;0;522121;1096;39543;23552;107116;50101;12535;0
"345";2021;"0";"0";"0";0;0;0;0;0;0;137361;80145;0;102415;54995;0;0;0;0;0;0;0;0;0;546169;2066;47750;15601;105835;57736;16272;0
"346";2021;"0";"0";"0";0;0;0;0;0;0;310385;190276;0;158550;98358;0;0;0;0;0;0;0;0;0;1044880;4563;85927;24463;172356;94246;28555;0
"347";2021;"0";"0";"0";0;0;0;0;0;0;246580;153100;0;80336;49642;0;0;0;0;0;0;0;0;0;666980;3843;42992;12561;77927;45269;11815;0
"348";2021;"0";"0";"0";0;0;0;0;0;0;418165;186337;0;53414;44919;0;0;0;0;0;0;0;0;0;806362;8531;28526;8662;57808;37849;5982;0
"349";2021;"0";"0";"0";0;0;0;0;0;1968;0;4891;0;0;5054;0;0;0;0;0;0;0;0;0;19362;515;1272;2593;3069;401;92;0
"350";2021;"0";"0";"0";0;0;0;0;0;4402;0;8312;0;0;6044;0;0;0;0;0;0;0;0;0;34668;878;5127;3963;5943;901;572;0
"351";2021;"0";"0";"0";0;0;0;0;0;5857;0;10132;0;0;5611;0;0;0;0;0;0;0;0;0;37035;671;6960;3011;4792;817;737;0
"352";2021;"0";"0";"0";0;0;0;0;0;14829;0;25708;0;0;8627;0;0;0;0;0;0;0;0;0;72554;1189;11163;4748;6289;1475;1046;0
"353";2021;"0";"0";"0";0;0;0;0;0;12362;0;24760;0;0;6146;0;0;0;0;0;0;0;0;0;58613;999;7069;3844;3433;1149;591;0
"354";2021;"0";"0";"0";0;0;0;0;0;21604;0;24220;0;0;4429;0;0;0;0;0;0;0;0;0;59854;1071;4182;2533;1815;757;215;0
"355";2021;"0";"0";"0";0;0;0;0;0;1776;0;5544;0;0;2738;0;0;0;0;0;0;0;0;0;18087;238;747;2705;4338;298;356;0
"356";2021;"0";"0";"0";0;0;0;0;0;4505;0;10560;0;0;3943;0;0;0;0;0;0;0;0;0;33475;565;3169;3550;7182;845;715;0
"357";2021;"0";"0";"0";0;0;0;0;0;6760;0;11152;0;0;4420;0;0;0;0;0;0;0;0;0;35433;622;4040;2858;5581;869;784;0
"358";2021;"0";"0";"0";0;0;0;0;0;15437;0;30267;0;0;8275;0;0;0;0;0;0;0;0;0;76162;918;6676;5308;9281;1754;1527;0
"359";2021;"0";"0";"0";0;0;0;0;0;15412;0;26208;0;0;5270;0;0;0;0;0;0;0;0;0;61377;1006;4475;3869;5138;1456;931;0
"360";2021;"0";"0";"0";0;0;0;0;0;30223;0;32022;0;0;5387;0;0;0;0;0;0;0;0;0;77343;1622;2749;2148;3192;1024;551;0
"361";2021;"0";"0";"0";0;0;0;0;0;3915;0;9484;0;18597;11179;0;0;0;0;0;0;0;0;0;65197;406;2726;9094;9796;558;0;0
"362";2021;"0";"0";"0";0;0;0;0;0;9772;0;20751;0;40637;17020;0;0;0;0;0;0;0;0;0;135396;1238;7225;18038;20715;1428;0;0
"363";2021;"0";"0";"0";0;0;0;0;0;18633;0;27448;0;46769;18351;0;0;0;0;0;0;0;0;0;163749;1923;15509;16941;18176;2866;0;0
"364";2021;"0";"0";"0";0;0;0;0;0;38004;0;49012;0;46414;26215;0;0;0;0;0;0;0;0;0;235093;2682;33987;21497;17280;2366;0;0
"365";2021;"0";"0";"0";0;0;0;0;0;24015;0;36399;0;14601;9778;0;0;0;0;0;0;0;0;0;126572;2321;19790;14629;5038;832;0;0
"366";2021;"0";"0";"0";0;0;0;0;0;42336;0;52536;0;11640;9520;0;0;0;0;0;0;0;0;0;157314;4733;13610;18508;4431;543;0;0
"367";2021;"0";"0";"0";0;0;0;0;0;4007;0;9294;0;24488;6114;0;0;0;0;0;0;0;0;0;70251;835;2411;10850;12252;552;0;0
"368";2021;"0";"0";"0";0;0;0;0;0;9646;0;20181;0;57982;11624;0;0;0;0;0;0;0;0;0;146297;1200;4958;19653;21052;1008;0;0
"369";2021;"0";"0";"0";0;0;0;0;0;19080;0;28472;0;53015;11593;0;0;0;0;0;0;0;0;0;158687;1649;10945;15398;18533;1609;0;0
"370";2021;"0";"0";"0";0;0;0;0;0;35304;0;56958;0;60238;21426;0;0;0;0;0;0;0;0;0;244566;2681;21371;22442;24147;2816;0;0
"371";2021;"0";"0";"0";0;0;0;0;0;27449;0;43036;0;19008;9981;0;0;0;0;0;0;0;0;0;139960;2199;10811;18002;9474;1481;0;0
"372";2021;"0";"0";"0";0;0;0;0;0;57530;0;74717;0;15142;13135;0;0;0;0;0;0;0;0;0;213822;8453;10352;24001;10492;1010;0;0
"373";2021;"0";"0";"0";0;0;0;0;0;948;0;2807;0;7351;3316;0;0;0;0;0;0;0;0;0;24074;102;1574;4428;3547;179;0;0
"374";2021;"0";"0";"0";0;0;0;0;0;3978;0;7651;0;17319;6569;0;0;0;0;0;0;0;0;0;57727;337;3392;9298;9184;601;0;0
"375";2021;"0";"0";"0";0;0;0;0;0;7643;0;12134;0;23477;8245;0;0;0;0;0;0;0;0;0;80734;698;9521;9551;9466;1628;0;0
"376";2021;"0";"0";"0";0;0;0;0;0;14082;0;21303;0;22648;10036;0;0;0;0;0;0;0;0;0;115418;1250;21916;14751;9433;1319;0;0
"377";2021;"0";"0";"0";0;0;0;0;0;8269;0;14717;0;4459;3264;0;0;0;0;0;0;0;0;0;55804;913;11457;10284;2438;237;0;0
"378";2021;"0";"0";"0";0;0;0;0;0;10085;0;20949;0;2344;1975;0;0;0;0;0;0;0;0;0;61167;1697;6848;15228;2042;156;0;0
"379";2021;"0";"0";"0";0;0;0;0;0;978;0;3094;0;8237;1488;0;0;0;0;0;0;0;0;0;24670;638;1224;4882;4130;356;0;0
"380";2021;"0";"0";"0";0;0;0;0;0;3707;0;8436;0;26945;4860;0;0;0;0;0;0;0;0;0;65419;542;2835;9174;8921;490;0;0
"381";2021;"0";"0";"0";0;0;0;0;0;8102;0;12195;0;28627;5692;0;0;0;0;0;0;0;0;0;82078;989;6965;10168;9339;840;0;0
"382";2021;"0";"0";"0";0;0;0;0;0;11293;0;23787;0;25371;7327;0;0;0;0;0;0;0;0;0;107011;757;11655;14870;11951;1449;0;0
"383";2021;"0";"0";"0";0;0;0;0;0;9037;0;18254;0;5014;3668;0;0;0;0;0;0;0;0;0;61247;1005;5746;14077;4447;880;0;0
"384";2021;"0";"0";"0";0;0;0;0;0;14598;0;30050;0;3859;3630;0;0;0;0;0;0;0;0;0;85721;3131;5058;20480;4915;436;0;0
"385";2021;"0";"0";"0";0;0;0;0;0;2967;0;6677;0;11246;7863;0;0;0;0;0;0;0;0;0;41124;304;1151;4666;6249;380;0;0
"386";2021;"0";"0";"0";0;0;0;0;0;5794;0;13100;0;23318;10451;0;0;0;0;0;0;0;0;0;77669;902;3833;8740;11531;827;0;0
"387";2021;"0";"0";"0";0;0;0;0;0;10989;0;15314;0;23292;10106;0;0;0;0;0;0;0;0;0;83015;1225;5989;7390;8710;1238;0;0
"388";2021;"0";"0";"0";0;0;0;0;0;23922;0;27710;0;23767;16180;0;0;0;0;0;0;0;0;0;119675;1432;12071;6746;7848;1046;0;0
"389";2021;"0";"0";"0";0;0;0;0;0;15746;0;21682;0;10142;6514;0;0;0;0;0;0;0;0;0;70768;1408;8333;4344;2600;595;0;0
"390";2021;"0";"0";"0";0;0;0;0;0;32251;0;31587;0;9297;7545;0;0;0;0;0;0;0;0;0;96147;3036;6762;3280;2389;387;0;0
"391";2021;"0";"0";"0";0;0;0;0;0;3029;0;6200;0;16252;4626;0;0;0;0;0;0;0;0;0;45581;197;1186;5968;8122;195;0;0
"392";2021;"0";"0";"0";0;0;0;0;0;5939;0;11746;0;31037;6764;0;0;0;0;0;0;0;0;0;80877;659;2123;10478;12131;518;0;0
"393";2021;"0";"0";"0";0;0;0;0;0;10978;0;16277;0;24388;5901;0;0;0;0;0;0;0;0;0;76609;660;3980;5230;9194;769;0;0
"394";2021;"0";"0";"0";0;0;0;0;0;24011;0;33170;0;34867;14099;0;0;0;0;0;0;0;0;0;137555;1924;9716;7572;12195;1368;0;0
"395";2021;"0";"0";"0";0;0;0;0;0;18413;0;24783;0;13994;6313;0;0;0;0;0;0;0;0;0;78712;1194;5065;3925;5027;600;0;0
"396";2021;"0";"0";"0";0;0;0;0;0;42932;0;44668;0;11282;9505;0;0;0;0;0;0;0;0;0;128101;5323;5293;3521;5577;574;0;0
"397";2021;"0";"0";"0";0;0;0;0;0;3395;0;6060;0;7608;9842;0;0;0;0;0;0;0;0;0;44977;386;6456;3923;7307;912;421;0
"398";2021;"0";"0";"0";0;0;0;0;0;5868;0;10076;0;9199;10572;0;0;0;0;0;0;0;0;0;72569;663;18322;5030;12839;2307;1623;0
"399";2021;"0";"0";"0";0;0;0;0;0;14724;0;20314;0;13676;13427;0;0;0;0;0;0;0;0;0;117928;1102;33919;6782;13983;3811;1904;0
"400";2021;"0";"0";"0";0;0;0;0;0;34193;0;44353;0;17461;20769;0;0;0;0;0;0;0;0;0;208498;1596;59935;14194;15997;5044;2911;0
"401";2021;"0";"0";"0";0;0;0;0;0;27225;0;49186;0;9309;11439;0;0;0;0;0;0;0;0;0;153845;1875;30408;14941;9463;3897;1048;0
"402";2021;"0";"0";"0";0;0;0;0;0;27738;0;66809;0;6757;6952;0;0;0;0;0;0;0;0;0;154600;2856;18895;19421;5172;2454;516;0
"403";2021;"0";"0";"0";0;0;0;0;0;3733;0;6344;0;9220;6521;0;0;0;0;0;0;0;0;0;44040;374;4621;4515;8711;825;901;0
"404";2021;"0";"0";"0";0;0;0;0;0;6468;0;12377;0;11937;7392;0;0;0;0;0;0;0;0;0;72803;1130;12701;4750;16048;2267;2083;0
"405";2021;"0";"0";"0";0;0;0;0;0;15024;0;25514;0;15540;13247;0;0;0;0;0;0;0;0;0;120443;1163;23746;7075;19135;4043;3493;0
"406";2021;"0";"0";"0";0;0;0;0;0;33211;0;56782;0;20423;21024;0;0;0;0;0;0;0;0;0;211516;2342;35349;15962;26422;6718;5308;0
"407";2021;"0";"0";"0";0;0;0;0;0;26537;0;61811;0;9507;13273;0;0;0;0;0;0;0;0;0;162480;2347;19715;15329;13960;5180;1742;0
"408";2021;"0";"0";"0";0;0;0;0;0;35774;0;90947;0;6835;7967;0;0;0;0;0;0;0;0;0;185764;3987;13345;17840;9069;3051;1113;0
"409";2021;"0";"0";"0";0;0;0;0;0;1985;0;3621;0;3672;5925;0;0;0;0;0;0;0;0;0;25867;437;3888;2319;4021;329;311;0
"410";2021;"0";"0";"0";0;0;0;0;0;4311;0;7379;0;7274;5883;0;0;0;0;0;0;0;0;0;46032;429;10594;3689;6474;894;759;0
"411";2021;"0";"0";"0";0;0;0;0;0;9811;0;11984;0;6323;6153;0;0;0;0;0;0;0;0;0;67191;781;19378;4892;7869;1097;1713;0
"412";2021;"0";"0";"0";0;0;0;0;0;22113;0;27112;0;7464;11050;0;0;0;0;0;0;0;0;0;120507;1411;32691;10542;8123;1579;2140;0
"413";2021;"0";"0";"0";0;0;0;0;0;18279;0;30320;0;4679;5658;0;0;0;0;0;0;0;0;0;99080;1718;21262;12622;4542;1408;1031;0
"414";2021;"0";"0";"0";0;0;0;0;0;18748;0;36502;0;2487;3445;0;0;0;0;0;0;0;0;0;92414;1961;12986;14208;2077;581;456;0
"415";2021;"0";"0";"0";0;0;0;0;0;1979;0;4601;0;5833;3535;0;0;0;0;0;0;0;0;0;26187;293;2790;2845;4311;165;619;0
"416";2021;"0";"0";"0";0;0;0;0;0;4895;0;9164;0;8128;4465;0;0;0;0;0;0;0;0;0;45879;417;7165;3683;7959;1105;1272;0
"417";2021;"0";"0";"0";0;0;0;0;0;9572;0;16085;0;7913;6984;0;0;0;0;0;0;0;0;0;68080;965;12542;5247;8772;1444;2163;0
"418";2021;"0";"0";"0";0;0;0;0;0;21304;0;33721;0;9401;10545;0;0;0;0;0;0;0;0;0;120567;1539;19438;12215;12403;2281;3507;0
"419";2021;"0";"0";"0";0;0;0;0;0;20520;0;37988;0;4780;7106;0;0;0;0;0;0;0;0;0;106225;2075;14011;13504;6241;1593;1541;0
"420";2021;"0";"0";"0";0;0;0;0;0;26584;0;48891;0;4003;4805;0;0;0;0;0;0;0;0;0;117012;4155;8597;15970;4008;867;823;0
"421";2021;"0";"0";"0";0;0;0;0;0;4990;0;7775;0;13438;18826;0;0;0;0;0;0;0;0;0;79775;382;13781;8151;12430;1425;944;0
"422";2021;"0";"0";"0";0;0;0;0;0;8497;0;16079;0;22454;20068;0;0;0;0;0;0;0;0;0;138022;1206;33350;16595;19774;3885;1977;0
"423";2021;"0";"0";"0";0;0;0;0;0;20902;0;22564;0;22456;22321;0;0;0;0;0;0;0;0;0;192569;1112;65950;13519;23745;4461;3772;0
"424";2021;"0";"0";"0";0;0;0;0;0;49949;0;40812;0;22128;36763;0;0;0;0;0;0;0;0;0;312133;1851;115024;20577;25029;7021;5682;0
"425";2021;"0";"0";"0";0;0;0;0;0;45176;0;44575;0;9422;19150;0;0;0;0;0;0;0;0;0;226259;2707;73075;19619;12534;4617;2367;0
"426";2021;"0";"0";"0";0;0;0;0;0;61666;0;77972;0;8393;15880;0;0;0;0;0;0;0;0;0;259901;3187;54435;30225;8142;2823;943;0
"427";2021;"0";"0";"0";0;0;0;0;0;4709;0;7482;0;16840;10960;0;0;0;0;0;0;0;0;0;74327;742;9561;10453;13580;1499;704;0
"428";2021;"0";"0";"0";0;0;0;0;0;10098;0;16664;0;27612;15678;0;0;0;0;0;0;0;0;0;138048;976;26977;16021;24021;4038;3450;0
"429";2021;"0";"0";"0";0;0;0;0;0;24080;0;26918;0;26085;22807;0;0;0;0;0;0;0;0;0;183914;1543;41750;13167;27564;5766;4851;0
"430";2021;"0";"0";"0";0;0;0;0;0;50155;0;53499;0;23529;39829;0;0;0;0;0;0;0;0;0;306710;2712;75051;23226;38708;9863;7753;0
"431";2021;"0";"0";"0";0;0;0;0;0;50880;0;61206;0;9859;24705;0;0;0;0;0;0;0;0;0;251761;3608;55796;23311;22395;6462;3938;0
"432";2021;"0";"0";"0";0;0;0;0;0;91776;0;99256;0;10103;24178;0;0;0;0;0;0;0;0;0;325534;6029;42293;35149;16749;4796;1708;0
"433";2021;"0";"0";"0";0;0;0;0;0;2765;0;4346;0;5175;7782;0;0;0;0;0;0;0;0;0;34461;308;5833;3044;5208;924;257;0
"434";2021;"0";"0";"0";0;0;0;0;0;6330;0;7463;0;8499;8117;0;0;0;0;0;0;0;0;0;60492;576;15490;5823;8194;1533;877;0
"435";2021;"0";"0";"0";0;0;0;0;0;12735;0;11742;0;6957;9644;0;0;0;0;0;0;0;0;0;83808;721;27748;5391;8871;2081;1876;0
"436";2021;"0";"0";"0";0;0;0;0;0;33018;0;28746;0;8163;15206;0;0;0;0;0;0;0;0;0;156216;1160;48053;11471;10399;2949;2359;0
"437";2021;"0";"0";"0";0;0;0;0;0;25879;0;31908;0;4389;9253;0;0;0;0;0;0;0;0;0;117777;898;27006;13302;5143;1460;1111;0
"438";2021;"0";"0";"0";0;0;0;0;0;31378;0;51796;0;3376;6423;0;0;0;0;0;0;0;0;0;133116;1639;18990;16737;2776;1000;379;0
"439";2021;"0";"0";"0";0;0;0;0;0;2911;0;4907;0;7517;4356;0;0;0;0;0;0;0;0;0;33837;303;3729;4038;6076;906;671;0
"440";2021;"0";"0";"0";0;0;0;0;0;6524;0;8902;0;9992;5958;0;0;0;0;0;0;0;0;0;58132;769;11031;4830;10126;1837;1312;0
"441";2021;"0";"0";"0";0;0;0;0;0;14054;0;14740;0;6514;9028;0;0;0;0;0;0;0;0;0;78865;932;17168;4691;11738;2329;2816;0
"442";2021;"0";"0";"0";0;0;0;0;0;33320;0;35123;0;8836;16826;0;0;0;0;0;0;0;0;0;153149;1401;28927;12940;15776;3461;4014;0
"443";2021;"0";"0";"0";0;0;0;0;0;32459;0;39251;0;4225;10926;0;0;0;0;0;0;0;0;0;129831;1343;17768;14926;8933;2055;2386;0
"444";2021;"0";"0";"0";0;0;0;0;0;50912;0;66161;0;5059;10505;0;0;0;0;0;0;0;0;0;175077;2772;13748;18138;7782;1974;1155;0
"445";2021;"0";"0";"0";0;0;0;0;0;2561;0;4486;0;4940;7958;0;0;0;0;0;0;0;0;0;37245;296;7809;3623;5572;548;464;0
"446";2021;"0";"0";"0";0;0;0;0;0;4382;0;7395;0;7190;8266;0;0;0;0;0;0;0;0;0;60233;450;18395;5968;8187;1432;981;0
"447";2021;"0";"0";"0";0;0;0;0;0;12091;0;12729;0;8151;11450;0;0;0;0;0;0;0;0;0;98802;960;35606;7203;10613;2226;2050;0
"448";2021;"0";"0";"0";0;0;0;0;0;25446;0;28257;0;8935;14814;0;0;0;0;0;0;0;0;0;166457;1158;61097;14838;11912;3735;2480;0
"449";2021;"0";"0";"0";0;0;0;0;0;23955;0;33191;0;5292;8292;0;0;0;0;0;0;0;0;0;130586;1017;35982;16563;6294;2501;1310;0
"450";2021;"0";"0";"0";0;0;0;0;0;28159;0;46098;0;3711;5100;0;0;0;0;0;0;0;0;0;129880;1901;21262;20452;3196;1351;366;0
"451";2021;"0";"0";"0";0;0;0;0;0;2214;0;4979;0;7848;5432;0;0;0;0;0;0;0;0;0;38098;478;5456;4611;7080;656;618;0
"452";2021;"0";"0";"0";0;0;0;0;0;5862;0;8564;0;9233;6674;0;0;0;0;0;0;0;0;0;61050;841;13845;5988;10043;1780;1560;0
"453";2021;"0";"0";"0";0;0;0;0;0;12591;0;15827;0;8027;10909;0;0;0;0;0;0;0;0;0;92647;1219;24309;7380;12386;2694;2991;0
"454";2021;"0";"0";"0";0;0;0;0;0;27143;0;35507;0;9896;16914;0;0;0;0;0;0;0;0;0;165023;1721;38612;17773;17458;4804;3914;0
"455";2021;"0";"0";"0";0;0;0;0;0;27692;0;40957;0;5627;9838;0;0;0;0;0;0;0;0;0;138490;1434;24443;18333;10166;2986;2534;0
"456";2021;"0";"0";"0";0;0;0;0;0;41319;0;58454;0;4370;8636;0;0;0;0;0;0;0;0;0;161208;3335;16418;21961;6714;2440;923;0
"457";2025;"0";"0";"0";0;0;0;0;0;275698;79313;298749;0;188513;101262;0;0;0;0;0;0;0;0;0;1710816;11453;410338;240043;105447;42359;0;8754
"458";2025;"0";"0";"0";0;0;0;0;0;517404;152936;482986;0;452477;156643;0;0;0;0;0;0;0;0;0;3128680;17796;759479;372481;216478;95818;0;14024
"459";2025;"0";"0";"0";0;0;0;0;0;789961;215907;511041;0;459803;127736;0;0;0;0;0;0;0;0;0;3788185;23507;1154625;284742;220864;107334;0;18633
"460";2025;"0";"0";"0";0;0;0;0;0;1572595;406728;907879;0;582212;169685;0;0;0;0;0;0;0;0;0;6031021;37600;1773439;295835;285046;154108;0;25984
"461";2025;"0";"0";"0";0;0;0;0;0;1327649;345384;985827;0;409194;120204;0;0;0;0;0;0;0;0;0;4799597;40653;1158895;225994;185798;103405;0;26033
"462";2025;"0";"0";"0";0;0;0;0;0;1733073;415803;1247745;0;277538;153725;0;0;0;0;0;0;0;0;0;4915220;61526;667934;228779;129095;62804;0;33047
"463";2025;"0";"0";"0";0;0;0;0;0;185176;53787;365673;0;256292;55164;0;0;0;0;0;0;0;0;0;1685912;9404;211971;451824;96620;36458;0;10514
"464";2025;"0";"0";"0";0;0;0;0;0;447805;138537;570176;0;576567;112707;0;0;0;0;0;0;0;0;0;3086045;17564;492245;511520;218924;94227;0;16649
"465";2025;"0";"0";"0";0;0;0;0;0;771591;208078;624238;0;552871;118775;0;0;0;0;0;0;0;0;0;3726864;26352;819611;344566;260782;128001;0;26987
"466";2025;"0";"0";"0";0;0;0;0;0;1500614;397130;1113876;0;740682;185009;0;0;0;0;0;0;0;0;0;6036439;47600;1258638;419236;373653;202706;0;41180
"467";2025;"0";"0";"0";0;0;0;0;0;1315325;350495;1157339;0;548545;138545;0;0;0;0;0;0;0;0;0;4945642;47302;875178;274187;238726;129155;0;36850
"468";2025;"0";"0";"0";0;0;0;0;0;2167291;507966;1670903;0;398699;183457;0;0;0;0;0;0;0;0;0;6074233;82508;594963;284090;184355;98189;0;40746
"469";2025;"0";"0";"0";0;0;0;0;0;203640;60259;190215;0;188255;127708;0;0;0;0;0;0;0;0;0;1710816;7660;429930;299295;203854;23699;0;89781
"470";2025;"0";"0";"0";0;0;0;0;0;409005;124629;314394;0;456154;197654;0;0;0;0;0;0;0;0;0;3128680;9921;798420;437105;381398;55698;0;156954
"471";2025;"0";"0";"0";0;0;0;0;0;677906;191672;369489;0;499138;170631;0;0;0;0;0;0;0;0;0;3788185;13334;1204553;288137;373325;61951;0;169899
"472";2025;"0";"0";"0";0;0;0;0;0;1407262;368555;735866;0;657935;250785;0;0;0;0;0;0;0;0;0;6031021;20601;1825806;294218;469992;90489;0;246564
"473";2025;"0";"0";"0";0;0;0;0;0;1222816;323330;855541;0;465798;184919;0;0;0;0;0;0;0;0;0;4799597;25242;1171834;228959;321159;62244;0;195248
"474";2025;"0";"0";"0";0;0;0;0;0;1616174;393519;1146253;0;316037;240031;0;0;0;0;0;0;0;0;0;4915220;43660;665332;220077;274139;45711;0;191387
"475";2025;"0";"0";"0";0;0;0;0;0;133980;40541;191620;0;209879;63297;0;0;0;0;0;0;0;0;0;1685912;5847;211223;622738;206787;19813;0;102438
"476";2025;"0";"0";"0";0;0;0;0;0;349641;116148;368029;0;528317;121744;0;0;0;0;0;0;0;0;0;3086045;8599;492754;651324;449488;59288;0;198981
"477";2025;"0";"0";"0";0;0;0;0;0;647041;183947;466464;0;581903;134224;0;0;0;0;0;0;0;0;0;3726864;14798;825104;363028;510356;74384;0;249633
"478";2025;"0";"0";"0";0;0;0;0;0;1319610;356703;916082;0;813183;235223;0;0;0;0;0;0;0;0;0;6036439;29693;1260081;415861;690004;118243;0;359962
"479";2025;"0";"0";"0";0;0;0;0;0;1188769;326546;1029932;0;598307;173193;0;0;0;0;0;0;0;0;0;4945642;30812;859564;263512;475008;83836;0;277208
"480";2025;"0";"0";"0";0;0;0;0;0;2020531;478180;1565240;0;447475;249347;0;0;0;0;0;0;0;0;0;6074233;68975;584179;272279;388027;73923;0;234894
"481";2025;"0";"0";"0";0;0;0;0;0;11210;0;10899;0;7729;4182;0;0;0;0;0;0;0;0;0;60122;358;13444;7941;4359;792;0;0
"482";2025;"0";"0";"0";0;0;0;0;0;20341;0;18204;0;20896;6803;0;0;0;0;0;0;0;0;0;116600;290;27748;12136;10182;2335;0;0
"483";2025;"0";"0";"0";0;0;0;0;0;31848;0;18708;0;20686;5711;0;0;0;0;0;0;0;0;0;131388;944;36787;8228;8477;2449;0;0
"484";2025;"0";"0";"0";0;0;0;0;0;72809;0;38834;0;28414;6474;0;0;0;0;0;0;0;0;0;229379;1175;56435;9803;15434;4057;0;0
"485";2025;"0";"0";"0";0;0;0;0;0;62149;0;42088;0;21627;4890;0;0;0;0;0;0;0;0;0;177797;903;30184;6580;9375;2188;0;0
"486";2025;"0";"0";"0";0;0;0;0;0;87416;0;57808;0;16611;6876;0;0;0;0;0;0;0;0;0;197395;2348;16256;4145;5934;644;0;0
"487";2025;"0";"0";"0";0;0;0;0;0;6366;0;13217;0;12232;2115;0;0;0;0;0;0;0;0;0;60582;435;6076;14661;5481;597;0;0
"488";2025;"0";"0";"0";0;0;0;0;0;18954;0;21358;0;27216;4653;0;0;0;0;0;0;0;0;0;113247;389;16672;15932;8073;1590;0;0
"489";2025;"0";"0";"0";0;0;0;0;0;31778;0;24474;0;23435;4890;0;0;0;0;0;0;0;0;0;133954;733;25890;11136;11618;2797;0;0
"490";2025;"0";"0";"0";0;0;0;0;0;69933;0;50526;0;40250;8102;0;0;0;0;0;0;0;0;0;239242;1661;37931;13628;17211;4557;0;0
"491";2025;"0";"0";"0";0;0;0;0;0;56907;0;52235;0;33355;5109;0;0;0;0;0;0;0;0;0;187852;1823;20777;6845;10803;2136;0;0
"492";2025;"0";"0";"0";0;0;0;0;0;103830;0;76136;0;26847;7737;0;0;0;0;0;0;0;0;0;242410;2680;14058;4061;7061;998;0;0
"493";2025;"0";"0";"0";0;0;0;0;0;8192;0;6561;0;6965;5121;0;0;0;0;0;0;0;0;0;60122;161;14995;11241;6885;380;0;1660
"494";2025;"0";"0";"0";0;0;0;0;0;16119;0;12908;0;19065;8349;0;0;0;0;0;0;0;0;0;116600;301;28660;16043;15155;1258;0;5716
"495";2025;"0";"0";"0";0;0;0;0;0;28008;0;13304;0;20147;6981;0;0;0;0;0;0;0;0;0;131388;335;38725;9522;14366;1251;0;4980
"496";2025;"0";"0";"0";0;0;0;0;0;65842;0;31272;0;31390;9121;0;0;0;0;0;0;0;0;0;229379;992;57149;11164;22448;2102;0;7477
"497";2025;"0";"0";"0";0;0;0;0;0;57805;0;37183;0;23155;6827;0;0;0;0;0;0;0;0;0;177797;585;30553;6799;14889;870;0;5450
"498";2025;"0";"0";"0";0;0;0;0;0;81076;0;53527;0;17816;12274;0;0;0;0;0;0;0;0;0;197395;1681;16285;5517;9218;212;0;2700
"499";2025;"0";"0";"0";0;0;0;0;0;4942;0;7343;0;9164;2175;0;0;0;0;0;0;0;0;0;60582;242;5700;22653;8363;749;0;3192
"500";2025;"0";"0";"0";0;0;0;0;0;15677;0;13888;0;24144;5207;0;0;0;0;0;0;0;0;0;113247;180;16421;22424;15305;948;0;5650
"501";2025;"0";"0";"0";0;0;0;0;0;26402;0;18059;0;24425;5132;0;0;0;0;0;0;0;0;0;133954;407;25884;13245;20400;1804;0;8164
"502";2025;"0";"0";"0";0;0;0;0;0;62873;0;41526;0;42767;9566;0;0;0;0;0;0;0;0;0;239242;1283;36938;15103;29186;2365;0;10734
"503";2025;"0";"0";"0";0;0;0;0;0;53351;0;47156;0;32955;6012;0;0;0;0;0;0;0;0;0;187852;1327;20875;7466;18710;1248;0;5613
"504";2025;"0";"0";"0";0;0;0;0;0;98136;0;69819;0;27930;11380;0;0;0;0;0;0;0;0;0;242410;2467;13980;5250;13448;488;0;3441
"505";2025;"0";"0";"0";0;0;0;0;0;4516;0;7389;0;5715;2263;0;0;0;0;0;0;0;0;0;32312;252;3935;7423;819;210;0;0
"506";2025;"0";"0";"0";0;0;0;0;0;12269;0;18119;0;20465;5099;0;0;0;0;0;0;0;0;0;83846;505;9093;15801;2495;871;0;0
"507";2025;"0";"0";"0";0;0;0;0;0;17284;0;18165;0;22555;3540;0;0;0;0;0;0;0;0;0;90806;410;14113;11861;2879;962;0;0
"508";2025;"0";"0";"0";0;0;0;0;0;31933;0;28416;0;25790;3650;0;0;0;0;0;0;0;0;0;124326;928;20648;10610;2351;968;0;0
"509";2025;"0";"0";"0";0;0;0;0;0;21104;0;25263;0;11340;1784;0;0;0;0;0;0;0;0;0;78214;771;11479;5412;1062;607;0;0
"510";2025;"0";"0";"0";0;0;0;0;0;30053;0;31247;0;6800;2873;0;0;0;0;0;0;0;0;0;83827;1048;6928;4348;530;310;0;0
"511";2025;"0";"0";"0";0;0;0;0;0;3395;0;8729;0;7658;1122;0;0;0;0;0;0;0;0;0;36415;259;1458;12872;922;232;0;0
"512";2025;"0";"0";"0";0;0;0;0;0;9479;0;19527;0;30951;3490;0;0;0;0;0;0;0;0;0;95978;266;5580;23212;3473;1238;0;0
"513";2025;"0";"0";"0";0;0;0;0;0;15897;0;21908;0;27915;2837;0;0;0;0;0;0;0;0;0;95078;429;8278;14367;3446;1533;0;0
"514";2025;"0";"0";"0";0;0;0;0;0;29288;0;36247;0;29898;3256;0;0;0;0;0;0;0;0;0;130889;1320;14988;12709;3182;1546;0;0
"515";2025;"0";"0";"0";0;0;0;0;0;19850;0;30470;0;15424;1724;0;0;0;0;0;0;0;0;0;86883;634;10622;6806;1353;741;0;0
"516";2025;"0";"0";"0";0;0;0;0;0;37000;0;46844;0;10109;3661;0;0;0;0;0;0;0;0;0;112231;1686;7593;4575;765;495;0;0
"517";2025;"0";"0";"0";0;0;0;0;0;4224;0;4420;0;5183;2756;0;0;0;0;0;0;0;0;0;32312;132;3739;8404;3455;117;0;1882
"518";2025;"0";"0";"0";0;0;0;0;0;11084;0;12369;0;18403;5609;0;0;0;0;0;0;0;0;0;83846;167;9577;18641;7998;427;0;3952
"519";2025;"0";"0";"0";0;0;0;0;0;15415;0;14094;0;22034;4791;0;0;0;0;0;0;0;0;0;90806;231;14027;11959;8254;338;0;4208
"520";2025;"0";"0";"0";0;0;0;0;0;30624;0;22668;0;25372;5609;0;0;0;0;0;0;0;0;0;124326;342;20714;11586;7412;341;0;4489
"521";2025;"0";"0";"0";0;0;0;0;0;19666;0;21477;0;11744;3252;0;0;0;0;0;0;0;0;0;78214;407;11531;6300;3837;297;0;2660
"522";2025;"0";"0";"0";0;0;0;0;0;28519;0;28137;0;7215;4787;0;0;0;0;0;0;0;0;0;83827;719;6981;4674;2795;140;0;1920
"523";2025;"0";"0";"0";0;0;0;0;0;2579;0;4679;0;5477;1508;0;0;0;0;0;0;0;0;0;36415;101;1529;17190;3353;113;0;1634
"524";2025;"0";"0";"0";0;0;0;0;0;8263;0;13481;0;24735;3603;0;0;0;0;0;0;0;0;0;95978;164;5745;29669;10317;468;0;4940
"525";2025;"0";"0";"0";0;0;0;0;0;14396;0;17388;0;25337;3574;0;0;0;0;0;0;0;0;0;95078;176;8037;16312;9858;430;0;5003
"526";2025;"0";"0";"0";0;0;0;0;0;28244;0;29708;0;29588;4079;0;0;0;0;0;0;0;0;0;130889;854;14384;13625;10406;559;0;5359
"527";2025;"0";"0";"0";0;0;0;0;0;18941;0;26747;0;15603;2565;0;0;0;0;0;0;0;0;0;86883;494;10181;7208;5143;332;0;3121
"528";2025;"0";"0";"0";0;0;0;0;0;34980;0;42572;0;11022;4982;0;0;0;0;0;0;0;0;0;112231;1399;7162;5548;4567;304;0;2750
"529";2025;"0";"0";"0";0;0;0;0;0;35661;0;43122;0;15364;10704;0;0;0;0;0;0;0;0;0;177664;986;42328;22620;6881;2570;0;0
"530";2025;"0";"0";"0";0;0;0;0;0;66996;0;70834;0;39818;13248;0;0;0;0;0;0;0;0;0;320278;1192;78216;35218;14755;5990;0;0
"531";2025;"0";"0";"0";0;0;0;0;0;99744;0;73240;0;38705;10930;0;0;0;0;0;0;0;0;0;366606;1795;106022;23118;13050;5842;0;0
"532";2025;"0";"0";"0";0;0;0;0;0;202202;0;138882;0;46539;15898;0;0;0;0;0;0;0;0;0;608419;3231;158692;25209;17765;10039;0;0
"533";2025;"0";"0";"0";0;0;0;0;0;160440;0;149283;0;37127;10063;0;0;0;0;0;0;0;0;0;472809;2901;88571;15648;8776;4799;0;0
"534";2025;"0";"0";"0";0;0;0;0;0;218859;0;187128;0;27210;14428;0;0;0;0;0;0;0;0;0;517926;5427;48890;12163;3821;1935;0;0
"535";2025;"0";"0";"0";0;0;0;0;0;20209;0;51511;0;20433;5952;0;0;0;0;0;0;0;0;0;170382;283;20438;44899;6657;2751;0;0
"536";2025;"0";"0";"0";0;0;0;0;0;57656;0;85085;0;51154;9583;0;0;0;0;0;0;0;0;0;314420;1454;48462;46410;14617;6272;0;0
"537";2025;"0";"0";"0";0;0;0;0;0;95402;0;90834;0;48687;11066;0;0;0;0;0;0;0;0;0;366837;2024;73879;29342;15601;7945;0;0
"538";2025;"0";"0";"0";0;0;0;0;0;185965;0;172729;0;68364;17403;0;0;0;0;0;0;0;0;0;613297;3971;108480;35597;20787;11678;0;0
"539";2025;"0";"0";"0";0;0;0;0;0;155203;0;168465;0;53607;12775;0;0;0;0;0;0;0;0;0;492565;4231;67682;19466;11138;5842;0;0
"540";2025;"0";"0";"0";0;0;0;0;0;260080;0;238591;0;40319;16270;0;0;0;0;0;0;0;0;0;620110;8603;39565;11878;4805;2768;0;0
"541";2025;"0";"0";"0";0;0;0;0;0;26188;0;25342;0;17776;14093;0;0;0;0;0;0;0;0;0;177664;574;43440;31168;19084;1517;0;8298
"542";2025;"0";"0";"0";0;0;0;0;0;53777;0;39509;0;44608;17607;0;0;0;0;0;0;0;0;0;320278;798;81502;45219;37258;3488;0;17419
"543";2025;"0";"0";"0";0;0;0;0;0;87399;0;46918;0;47902;16039;0;0;0;0;0;0;0;0;0;366606;1075;110976;24806;31491;3631;0;14494
"544";2025;"0";"0";"0";0;0;0;0;0;185971;0;105916;0;61296;24375;0;0;0;0;0;0;0;0;0;608419;2193;163180;27746;37741;5127;0;20176
"545";2025;"0";"0";"0";0;0;0;0;0;152446;0;124591;0;48714;16579;0;0;0;0;0;0;0;0;0;472809;2089;88477;18412;21500;3213;0;13187
"546";2025;"0";"0";"0";0;0;0;0;0;206511;0;166847;0;36792;24359;0;0;0;0;0;0;0;0;0;517926;4175;50653;15221;13368;1423;0;9467
"547";2025;"0";"0";"0";0;0;0;0;0;15308;0;23490;0;17776;5858;0;0;0;0;0;0;0;0;0;170382;403;20404;68531;18611;1213;0;8647
"548";2025;"0";"0";"0";0;0;0;0;0;47389;0;50709;0;50367;11870;0;0;0;0;0;0;0;0;0;314420;712;47142;64801;41430;2647;0;20241
"549";2025;"0";"0";"0";0;0;0;0;0;81107;0;62676;0;57193;13969;0;0;0;0;0;0;0;0;0;366837;1164;74653;34367;41708;3405;0;20726
"550";2025;"0";"0";"0";0;0;0;0;0;165866;0;136189;0;81512;21083;0;0;0;0;0;0;0;0;0;613297;2962;107821;40263;57600;5936;0;29881
"551";2025;"0";"0";"0";0;0;0;0;0;141264;0;148680;0;63676;15901;0;0;0;0;0;0;0;0;0;492565;2791;67591;20539;32124;4411;0;17360
"552";2025;"0";"0";"0";0;0;0;0;0;247191;0;222657;0;49232;23430;0;0;0;0;0;0;0;0;0;620110;7039;38702;14445;17414;1617;0;9479
"553";2025;"0";"0";"0";0;0;0;0;0;1289;0;2169;0;1375;476;0;0;0;0;0;0;0;0;0;10919;92;1843;2950;726;44;0;0
"554";2025;"0";"0";"0";0;0;0;0;0;3191;0;5175;0;4433;1181;0;0;0;0;0;0;0;0;0;25003;147;4520;4953;1404;24;0;0
"555";2025;"0";"0";"0";0;0;0;0;0;4832;0;4420;0;4117;736;0;0;0;0;0;0;0;0;0;25941;199;6370;3483;1786;183;0;0
"556";2025;"0";"0";"0";0;0;0;0;0;9192;0;9765;0;5101;740;0;0;0;0;0;0;0;0;0;38524;337;8808;2825;1756;211;0;0
"557";2025;"0";"0";"0";0;0;0;0;0;8229;0;9317;0;4542;633;0;0;0;0;0;0;0;0;0;32665;396;6241;2309;998;155;0;0
"558";2025;"0";"0";"0";0;0;0;0;0;12063;0;12679;0;3038;1202;0;0;0;0;0;0;0;0;0;34781;480;2505;2436;377;35;0;0
"559";2025;"0";"0";"0";0;0;0;0;0;640;0;2690;0;1889;465;0;0;0;0;0;0;0;0;0;12245;45;755;5416;344;81;0;0
"560";2025;"0";"0";"0";0;0;0;0;0;2820;0;4363;0;5098;621;0;0;0;0;0;0;0;0;0;24150;68;2867;7029;1284;111;0;0
"561";2025;"0";"0";"0";0;0;0;0;0;4374;0;4510;0;5046;561;0;0;0;0;0;0;0;0;0;24214;240;4381;3847;1255;296;0;0
"562";2025;"0";"0";"0";0;0;0;0;0;8896;0;10187;0;7008;986;0;0;0;0;0;0;0;0;0;39510;403;6270;4074;1685;312;0;0
"563";2025;"0";"0";"0";0;0;0;0;0;7915;0;11054;0;6206;973;0;0;0;0;0;0;0;0;0;35271;450;4886;2977;810;156;0;0
"564";2025;"0";"0";"0";0;0;0;0;0;15232;0;18939;0;5433;1090;0;0;0;0;0;0;0;0;0;47143;429;3192;2110;717;149;0;0
"565";2025;"0";"0";"0";0;0;0;0;0;1021;0;1506;0;1520;461;0;0;0;0;0;0;0;0;0;10919;72;1838;3338;1160;20;0;701
"566";2025;"0";"0";"0";0;0;0;0;0;2676;0;3216;0;4425;1319;0;0;0;0;0;0;0;0;0;25003;55;4521;5824;2968;71;0;1466
"567";2025;"0";"0";"0";0;0;0;0;0;4258;0;3410;0;4425;841;0;0;0;0;0;0;0;0;0;25941;103;6399;3482;3023;318;0;1565
"568";2025;"0";"0";"0";0;0;0;0;0;8425;0;8214;0;5566;1106;0;0;0;0;0;0;0;0;0;38524;195;8957;3342;2720;203;0;1438
"569";2025;"0";"0";"0";0;0;0;0;0;7524;0;8262;0;4913;925;0;0;0;0;0;0;0;0;0;32665;191;6319;2616;1916;108;0;1255
"570";2025;"0";"0";"0";0;0;0;0;0;11377;0;11887;0;3215;1937;0;0;0;0;0;0;0;0;0;34781;231;2475;2563;1095;23;0;828
"571";2025;"0";"0";"0";0;0;0;0;0;573;0;1360;0;1415;383;0;0;0;0;0;0;0;0;0;12245;25;735;6968;788;68;0;493
"572";2025;"0";"0";"0";0;0;0;0;0;2275;0;3019;0;4778;620;0;0;0;0;0;0;0;0;0;24150;14;2715;8456;2272;20;0;1337
"573";2025;"0";"0";"0";0;0;0;0;0;3816;0;3462;0;4494;629;0;0;0;0;0;0;0;0;0;24214;87;4039;4886;2801;156;0;1818
"574";2025;"0";"0";"0";0;0;0;0;0;8187;0;8576;0;7496;1131;0;0;0;0;0;0;0;0;0;39510;237;6293;4478;3113;200;0;1922
"575";2025;"0";"0";"0";0;0;0;0;0;7222;0;9808;0;6432;1235;0;0;0;0;0;0;0;0;0;35271;235;5024;3251;2064;237;0;1314
"576";2025;"0";"0";"0";0;0;0;0;0;14220;0;17883;0;5602;1707;0;0;0;0;0;0;0;0;0;47143;664;3181;2258;1628;194;0;978
"577";2025;"0";"0";"0";0;0;0;0;0;83901;0;81158;0;41725;23327;0;0;0;0;0;0;0;0;0;373924;2280;74072;52788;14675;4010;0;252
"578";2025;"0";"0";"0";0;0;0;0;0;159953;0;136266;0;105618;35827;0;0;0;0;0;0;0;0;0;708236;4581;155136;78981;31873;10897;0;530
"579";2025;"0";"0";"0";0;0;0;0;0;220537;0;131650;0;92487;29307;0;0;0;0;0;0;0;0;0;765105;6277;202526;52067;30254;11496;0;489
"580";2025;"0";"0";"0";0;0;0;0;0;452862;0;246924;0;121405;36726;0;0;0;0;0;0;0;0;0;1253329;9051;299075;54578;32709;15113;0;561
"581";2025;"0";"0";"0";0;0;0;0;0;375655;0;273162;0;93749;24412;0;0;0;0;0;0;0;0;0;1024738;10027;191849;37286;18598;9747;0;395
"582";2025;"0";"0";"0";0;0;0;0;0;478331;0;312499;0;59906;28654;0;0;0;0;0;0;0;0;0;1017011;12234;93042;23404;8941;4074;0;323
"583";2025;"0";"0";"0";0;0;0;0;0;55189;0;101764;0;61352;12050;0;0;0;0;0;0;0;0;0;379987;2222;33968;102103;11340;2931;0;708
"584";2025;"0";"0";"0";0;0;0;0;0;132459;0;162123;0;140297;27618;0;0;0;0;0;0;0;0;0;710921;4730;99346;114621;29727;9159;0;839
"585";2025;"0";"0";"0";0;0;0;0;0;215554;0;162406;0;120192;26619;0;0;0;0;0;0;0;0;0;760531;6490;139538;61171;28561;12400;0;712
"586";2025;"0";"0";"0";0;0;0;0;0;428929;0;301482;0;167649;40595;0;0;0;0;0;0;0;0;0;1273195;11015;210784;75673;37067;17676;0;921
"587";2025;"0";"0";"0";0;0;0;0;0;365572;0;309672;0;134044;28137;0;0;0;0;0;0;0;0;0;1049584;10825;142910;37991;20433;10664;0;529
"588";2025;"0";"0";"0";0;0;0;0;0;597911;0;414686;0;91828;35885;0;0;0;0;0;0;0;0;0;1271180;17580;78651;23515;11123;5724;0;256
"589";2025;"0";"0";"0";0;0;0;0;0;61659;0;50018;0;41296;28812;0;0;0;0;0;0;0;0;0;373924;1235;77920;67172;45812;2171;0;22075
"590";2025;"0";"0";"0";0;0;0;0;0;124665;0;83271;0;103844;45067;0;0;0;0;0;0;0;0;0;708236;2320;163692;101507;83870;5013;0;37093
"591";2025;"0";"0";"0";0;0;0;0;0;186462;0;89277;0;102206;39288;0;0;0;0;0;0;0;0;0;765105;2893;213814;56190;74975;4908;0;36517
"592";2025;"0";"0";"0";0;0;0;0;0;405255;0;193703;0;141634;55174;0;0;0;0;0;0;0;0;0;1253329;4025;311989;57780;83769;6879;0;46576
"593";2025;"0";"0";"0";0;0;0;0;0;348800;0;235208;0;108679;39297;0;0;0;0;0;0;0;0;0;1024738;5893;198614;43298;44949;4214;0;27728
"594";2025;"0";"0";"0";0;0;0;0;0;450524;0;287875;0;69773;46563;0;0;0;0;0;0;0;0;0;1017011;8822;95928;29310;28216;1363;0;19918
"595";2025;"0";"0";"0";0;0;0;0;0;39690;0;50238;0;50862;14126;0;0;0;0;0;0;0;0;0;379987;908;35398;145774;42990;1151;0;22479
"596";2025;"0";"0";"0";0;0;0;0;0;100190;0;97612;0;123880;29116;0;0;0;0;0;0;0;0;0;710921;2381;98457;157502;101783;5176;0;46416
"597";2025;"0";"0";"0";0;0;0;0;0;177399;0;115703;0;122297;29237;0;0;0;0;0;0;0;0;0;760531;3345;140325;71716;100509;6680;0;48143
"598";2025;"0";"0";"0";0;0;0;0;0;375833;0;239814;0;185371;50322;0;0;0;0;0;0;0;0;0;1273195;7431;213622;80493;120308;8511;0;63866
"599";2025;"0";"0";"0";0;0;0;0;0;336404;0;275611;0;147302;34278;0;0;0;0;0;0;0;0;0;1049584;7350;140330;40223;68086;4118;0;39938
"600";2025;"0";"0";"0";0;0;0;0;0;563746;0;390102;0;103756;51165;0;0;0;0;0;0;0;0;0;1271180;15004;80289;26159;40957;2707;0;22161
"601";2025;"0";"0";"0";0;0;0;0;0;27001;0;28038;0;13335;8652;0;0;0;0;0;0;0;0;0;129669;1516;26286;18075;6765;2727;0;0
"602";2025;"0";"0";"0";0;0;0;0;0;44921;0;40371;0;28141;12282;0;0;0;0;0;0;0;0;0;218149;1894;50053;25097;15391;7450;0;0
"603";2025;"0";"0";"0";0;0;0;0;0;68935;0;41199;0;32262;8242;0;0;0;0;0;0;0;0;0;251383;1649;67871;17916;13308;6706;0;0
"604";2025;"0";"0";"0";0;0;0;0;0;153361;0;79763;0;47051;14422;0;0;0;0;0;0;0;0;0;452512;3058;118567;19072;17219;9393;0;0
"605";2025;"0";"0";"0";0;0;0;0;0;118487;0;84442;0;36007;8627;0;0;0;0;0;0;0;0;0;346783;3505;71995;13842;9877;6273;0;0
"606";2025;"0";"0";"0";0;0;0;0;0;160155;0;104814;0;23283;13541;0;0;0;0;0;0;0;0;0;360676;4676;39379;9848;4980;2675;0;0
"607";2025;"0";"0";"0";0;0;0;0;0;18215;0;33898;0;16404;5153;0;0;0;0;0;0;0;0;0;127269;843;13729;33540;5487;2378;0;0
"608";2025;"0";"0";"0";0;0;0;0;0;37670;0;48959;0;35345;9489;0;0;0;0;0;0;0;0;0;215236;2417;29313;38168;13874;6418;0;0
"609";2025;"0";"0";"0";0;0;0;0;0;65747;0;52356;0;38300;8869;0;0;0;0;0;0;0;0;0;255357;2676;47517;23908;15984;8644;0;0
"610";2025;"0";"0";"0";0;0;0;0;0;145138;0;96411;0;60479;15535;0;0;0;0;0;0;0;0;0;455484;4218;80201;31091;22410;14367;0;0
"611";2025;"0";"0";"0";0;0;0;0;0;116749;0;99391;0;48301;9928;0;0;0;0;0;0;0;0;0;359648;4076;52812;16101;12291;8266;0;0
"612";2025;"0";"0";"0";0;0;0;0;0;197952;0;133452;0;32220;14041;0;0;0;0;0;0;0;0;0;436469;5273;35946;10248;7337;5497;0;0
"613";2025;"0";"0";"0";0;0;0;0;0;20597;0;16005;0;12702;11409;0;0;0;0;0;0;0;0;0;129669;1463;27820;24517;15157;1747;0;7391
"614";2025;"0";"0";"0";0;0;0;0;0;37144;0;24696;0;27883;15326;0;0;0;0;0;0;0;0;0;218149;1210;49982;30827;31082;3332;0;14029
"615";2025;"0";"0";"0";0;0;0;0;0;58710;0;28149;0;35452;11126;0;0;0;0;0;0;0;0;0;251383;1213;70884;19089;26760;4030;0;14328
"616";2025;"0";"0";"0";0;0;0;0;0;136564;0;60574;0;55146;23006;0;0;0;0;0;0;0;0;0;452512;2429;121150;21265;32379;6180;0;16684
"617";2025;"0";"0";"0";0;0;0;0;0;110056;0;69515;0;43034;15287;0;0;0;0;0;0;0;0;0;346783;2438;71718;16181;18553;3505;0;11581
"618";2025;"0";"0";"0";0;0;0;0;0;147612;0;93797;0;27488;23402;0;0;0;0;0;0;0;0;0;360676;3950;39718;12292;12416;1871;0;8078
"619";2025;"0";"0";"0";0;0;0;0;0;14706;0;15842;0;13282;6161;0;0;0;0;0;0;0;0;0;127269;668;12720;49844;14047;1246;0;7449
"620";2025;"0";"0";"0";0;0;0;0;0;31220;0;28839;0;33618;9112;0;0;0;0;0;0;0;0;0;215236;1004;28610;49996;32837;3314;0;15439
"621";2025;"0";"0";"0";0;0;0;0;0;57375;0;38007;0;40590;9917;0;0;0;0;0;0;0;0;0;255357;1861;47008;25655;34945;4860;0;17179
"622";2025;"0";"0";"0";0;0;0;0;0;129277;0;76833;0;68310;20359;0;0;0;0;0;0;0;0;0;455484;3270;79200;31763;46472;7632;0;22981
"623";2025;"0";"0";"0";0;0;0;0;0;106290;0;82762;0;55184;13854;0;0;0;0;0;0;0;0;0;359648;2961;52630;18101;27866;5263;0;15553
"624";2025;"0";"0";"0";0;0;0;0;0;184291;0;122491;0;38820;21866;0;0;0;0;0;0;0;0;0;436469;5334;35338;11529;16799;3587;0;7961
"625";2025;"0";"0";"0";0;0;0;0;0;17156;0;18920;0;6689;5087;0;0;0;0;0;0;0;0;0;85406;925;19407;8911;8312;2731;0;2921
"626";2025;"0";"0";"0";0;0;0;0;0;35839;0;27928;0;14686;9757;0;0;0;0;0;0;0;0;0;161048;1139;41972;13821;15905;6601;0;4417
"627";2025;"0";"0";"0";0;0;0;0;0;52024;0;30895;0;17008;6092;0;0;0;0;0;0;0;0;0;189457;1305;57910;8725;15498;7623;0;3918
"628";2025;"0";"0";"0";0;0;0;0;0;101045;0;54329;0;20664;8471;0;0;0;0;0;0;0;0;0;297477;2368;81429;8567;20604;11101;0;5625
"629";2025;"0";"0";"0";0;0;0;0;0;94520;0;60976;0;15739;6602;0;0;0;0;0;0;0;0;0;256421;2655;57144;6380;12405;5314;0;4275
"630";2025;"0";"0";"0";0;0;0;0;0;116693;0;70112;0;10213;8158;0;0;0;0;0;0;0;0;0;250756;4398;29210;4837;7135;3239;0;3011
"631";2025;"0";"0";"0";0;0;0;0;0;12606;0;21447;0;9974;2189;0;0;0;0;0;0;0;0;0;81092;687;8853;17542;7795;2577;0;2480
"632";2025;"0";"0";"0";0;0;0;0;0;30556;0;33292;0;21885;5080;0;0;0;0;0;0;0;0;0;152635;659;26159;17841;17165;6511;0;4351
"633";2025;"0";"0";"0";0;0;0;0;0;48581;0;33089;0;19651;5054;0;0;0;0;0;0;0;0;0;173221;1592;36349;10733;18173;7453;0;5110
"634";2025;"0";"0";"0";0;0;0;0;0;96651;0;62931;0;28911;8990;0;0;0;0;0;0;0;0;0;297570;3241;54805;13022;29019;13452;0;8953
"635";2025;"0";"0";"0";0;0;0;0;0;88214;0;72045;0;23528;8498;0;0;0;0;0;0;0;0;0;260384;2587;40020;7807;17685;8419;0;5796
"636";2025;"0";"0";"0";0;0;0;0;0;137726;0;87497;0;15133;9349;0;0;0;0;0;0;0;0;0;295082;5943;22756;5453;11225;5552;0;3783
"637";2025;"0";"0";"0";0;0;0;0;0;14458;0;11154;0;7893;6974;0;0;0;0;0;0;0;0;0;85406;1004;20567;13012;10344;1286;0;4344
"638";2025;"0";"0";"0";0;0;0;0;0;27451;0;17846;0;18915;12519;0;0;0;0;0;0;0;0;0;161048;598;45380;17520;20820;4795;0;8148
"639";2025;"0";"0";"0";0;0;0;0;0;46558;0;20546;0;20775;8655;0;0;0;0;0;0;0;0;0;189457;987;62455;10394;19088;5079;0;8006
"640";2025;"0";"0";"0";0;0;0;0;0;93323;0;42889;0;29014;12326;0;0;0;0;0;0;0;0;0;297477;878;85626;10055;23365;6636;0;11865
"641";2025;"0";"0";"0";0;0;0;0;0;88072;0;52516;0;21780;10374;0;0;0;0;0;0;0;0;0;256421;1509;59258;7810;15102;4156;0;8377
"642";2025;"0";"0";"0";0;0;0;0;0;112784;0;64624;0;13688;12455;0;0;0;0;0;0;0;0;0;250756;2270;30302;5534;9100;2404;0;5308
"643";2025;"0";"0";"0";0;0;0;0;0;8852;0;10365;0;10264;3371;0;0;0;0;0;0;0;0;0;81092;474;9627;28685;9454;1103;0;4668
"644";2025;"0";"0";"0";0;0;0;0;0;26057;0;20069;0;23766;5999;0;0;0;0;0;0;0;0;0;152635;435;26256;27420;22633;3939;0;9113
"645";2025;"0";"0";"0";0;0;0;0;0;42182;0;23549;0;25193;7113;0;0;0;0;0;0;0;0;0;173221;1094;38276;11543;24271;4614;0;10858
"646";2025;"0";"0";"0";0;0;0;0;0;88811;0;51010;0;35616;11818;0;0;0;0;0;0;0;0;0;297570;2650;57052;15010;35601;7994;0;16554
"647";2025;"0";"0";"0";0;0;0;0;0;80774;0;64050;0;30778;9824;0;0;0;0;0;0;0;0;0;260384;1645;40173;9218;23923;5615;0;11699
"648";2025;"0";"0";"0";0;0;0;0;0;131301;0;84086;0;19186;12620;0;0;0;0;0;0;0;0;0;295082;4648;23724;5666;13851;4392;0;6163
"649";2025;"0";"0";"0";0;0;0;0;0;56870;0;34637;0;36076;17513;0;0;0;0;0;0;0;0;0;247190;1825;57114;27086;16070;6822;0;0
"650";2025;"0";"0";"0";0;0;0;0;0;107636;0;51913;0;73598;27209;0;0;0;0;0;0;0;0;0;438504;2660;103815;38210;33463;14101;0;0
"651";2025;"0";"0";"0";0;0;0;0;0;147362;0;49509;0;65199;21888;0;0;0;0;0;0;0;0;0;478740;2659;142065;24455;25604;13996;0;0
"652";2025;"0";"0";"0";0;0;0;0;0;273174;0;85807;0;91834;26468;0;0;0;0;0;0;0;0;0;746552;4186;207964;25899;31219;19095;0;0
"653";2025;"0";"0";"0";0;0;0;0;0;240477;0;98616;0;72104;19635;0;0;0;0;0;0;0;0;0;612264;4500;139003;18719;19210;12270;0;0
"654";2025;"0";"0";"0";0;0;0;0;0;301334;0;123554;0;49562;27011;0;0;0;0;0;0;0;0;0;605930;7299;74055;13352;9764;6056;0;0
"655";2025;"0";"0";"0";0;0;0;0;0;39500;0;44855;0;50054;9611;0;0;0;0;0;0;0;0;0;238600;1116;27038;52719;13708;5772;0;0
"656";2025;"0";"0";"0";0;0;0;0;0;98153;0;61583;0;91184;19435;0;0;0;0;0;0;0;0;0;421492;1911;62998;53182;33047;14157;0;0
"657";2025;"0";"0";"0";0;0;0;0;0;147684;0;62385;0;81373;18771;0;0;0;0;0;0;0;0;0;465922;1964;91612;31605;30528;16974;0;0
"658";2025;"0";"0";"0";0;0;0;0;0;266850;0;107521;0;113780;29108;0;0;0;0;0;0;0;0;0;761169;4640;155234;38511;45527;27539;0;0
"659";2025;"0";"0";"0";0;0;0;0;0;234234;0;119638;0;91746;23454;0;0;0;0;0;0;0;0;0;627578;5961;104272;22991;25282;16330;0;0
"660";2025;"0";"0";"0";0;0;0;0;0;367434;0;162310;0;71099;31690;0;0;0;0;0;0;0;0;0;738505;11012;66051;13310;15599;10756;0;0
"661";2025;"0";"0";"0";0;0;0;0;0;41627;0;26094;0;32809;21795;0;0;0;0;0;0;0;0;0;247190;688;60611;35529;28038;3389;0;12770
"662";2025;"0";"0";"0";0;0;0;0;0;86559;0;38669;0;69444;34603;0;0;0;0;0;0;0;0;0;438504;1370;109846;46476;51537;7659;0;19946
"663";2025;"0";"0";"0";0;0;0;0;0;127129;0;41672;0;64619;27843;0;0;0;0;0;0;0;0;0;478740;1519;148035;26846;41079;7548;0;17977
"664";2025;"0";"0";"0";0;0;0;0;0;242342;0;77633;0;92988;36648;0;0;0;0;0;0;0;0;0;746552;2185;215795;26902;52059;10351;0;26060
"665";2025;"0";"0";"0";0;0;0;0;0;216942;0;92391;0;73899;29502;0;0;0;0;0;0;0;0;0;612264;3023;141541;20358;34608;6295;0;19528
"666";2025;"0";"0";"0";0;0;0;0;0;276796;0;119214;0;51123;42731;0;0;0;0;0;0;0;0;0;605930;5457;74334;15349;20926;3590;0;12838
"667";2025;"0";"0";"0";0;0;0;0;0;29542;0;28485;0;35844;10772;0;0;0;0;0;0;0;0;0;238600;422;27506;77666;28363;2446;0;14322
"668";2025;"0";"0";"0";0;0;0;0;0;76766;0;48873;0;79768;21285;0;0;0;0;0;0;0;0;0;421492;987;63791;69745;60276;8138;0;26375
"669";2025;"0";"0";"0";0;0;0;0;0;124666;0;53824;0;81333;21993;0;0;0;0;0;0;0;0;0;465922;1177;93253;33393;56282;7927;0;27101
"670";2025;"0";"0";"0";0;0;0;0;0;231978;0;98910;0;115432;37384;0;0;0;0;0;0;0;0;0;761169;2764;155130;40096;79474;12640;0;40419
"671";2025;"0";"0";"0";0;0;0;0;0;212820;0;113808;0;92852;29612;0;0;0;0;0;0;0;0;0;627578;3221;101564;22581;51119;9527;0;27295
"672";2025;"0";"0";"0";0;0;0;0;0;339699;0;159206;0;75624;43373;0;0;0;0;0;0;0;0;0;738505;9635;65023;14544;31401;6802;0;15587
"673";2025;"0";"0";"0";0;0;0;0;0;0;79313;33959;0;37463;16833;0;0;0;0;0;0;0;0;0;284787;841;58155;28096;30126;16965;0;793
"674";2025;"0";"0";"0";0;0;0;0;0;0;152936;57010;0;92229;27214;0;0;0;0;0;0;0;0;0;559863;2073;127594;40919;59888;36718;0;1661
"675";2025;"0";"0";"0";0;0;0;0;0;0;215907;59565;0;87637;19831;0;0;0;0;0;0;0;0;0;633476;2958;162351;25757;59471;37794;0;1454
"676";2025;"0";"0";"0";0;0;0;0;0;0;406728;92077;0;105097;26149;0;0;0;0;0;0;0;0;0;988803;4637;249116;25449;79550;53954;0;1824
"677";2025;"0";"0";"0";0;0;0;0;0;0;345384;99616;0;72763;19985;0;0;0;0;0;0;0;0;0;770092;5805;149893;18408;58238;43527;0;1588
"678";2025;"0";"0";"0";0;0;0;0;0;0;415803;121258;0;48847;22980;0;0;0;0;0;0;0;0;0;737424;7255;72056;11480;37744;29973;0;864
"679";2025;"0";"0";"0";0;0;0;0;0;0;53787;40639;0;47631;8022;0;0;0;0;0;0;0;0;0;263097;863;30163;55948;26044;13952;0;971
"680";2025;"0";"0";"0";0;0;0;0;0;0;138537;65717;0;105029;18882;0;0;0;0;0;0;0;0;0;533288;2181;80934;59194;62813;36894;0;2023
"681";2025;"0";"0";"0";0;0;0;0;0;0;208078;68299;0;100520;17140;0;0;0;0;0;0;0;0;0;604183;2529;108324;32416;66876;41632;0;2226
"682";2025;"0";"0";"0";0;0;0;0;0;0;397130;111914;0;127114;25821;0;0;0;0;0;0;0;0;0;981289;5016;173568;38603;102122;69152;0;3035
"683";2025;"0";"0";"0";0;0;0;0;0;0;350495;112621;0;88417;19853;0;0;0;0;0;0;0;0;0;767798;5141;108440;19154;63677;44528;0;2093
"684";2025;"0";"0";"0";0;0;0;0;0;0;507966;154165;0;56987;23989;0;0;0;0;0;0;0;0;0;872457;8058;64036;10724;46532;36109;0;1398
"685";2025;"0";"0";"0";0;0;0;0;0;0;60259;26059;0;34608;20890;0;0;0;0;0;0;0;0;0;284787;387;67291;38553;36740;10865;0;11118
"686";2025;"0";"0";"0";0;0;0;0;0;0;124629;46998;0;86037;34115;0;0;0;0;0;0;0;0;0;559863;495;143987;53921;69680;23886;0;17974
"687";2025;"0";"0";"0";0;0;0;0;0;0;191672;49128;0;88913;27026;0;0;0;0;0;0;0;0;0;633476;979;181181;31402;63175;23078;0;18558
"688";2025;"0";"0";"0";0;0;0;0;0;0;368555;86850;0;108513;37822;0;0;0;0;0;0;0;0;0;988803;1340;275759;27608;82356;36587;0;25693
"689";2025;"0";"0";"0";0;0;0;0;0;0;323330;94522;0;76690;30729;0;0;0;0;0;0;0;0;0;770092;2984;162656;19114;60067;30663;0;19136
"690";2025;"0";"0";"0";0;0;0;0;0;0;393519;115540;0;50753;35083;0;0;0;0;0;0;0;0;0;737424;5694;76290;14588;45955;27855;0;13059
"691";2025;"0";"0";"0";0;0;0;0;0;0;40541;27796;0;37428;9710;0;0;0;0;0;0;0;0;0;263097;373;31749;78973;36528;9853;0;12281
"692";2025;"0";"0";"0";0;0;0;0;0;0;116148;52235;0;92243;20473;0;0;0;0;0;0;0;0;0;533288;683;88198;78193;85114;27304;0;26477
"693";2025;"0";"0";"0";0;0;0;0;0;0;183947;60160;0;98251;19843;0;0;0;0;0;0;0;0;0;604183;754;117519;38297;85414;30295;0;28142
"694";2025;"0";"0";"0";0;0;0;0;0;0;356703;104098;0;131600;36383;0;0;0;0;0;0;0;0;0;981289;1627;187799;42380;120700;51601;0;36793
"695";2025;"0";"0";"0";0;0;0;0;0;0;326546;107039;0;90841;27985;0;0;0;0;0;0;0;0;0;767798;3136;114197;21024;77030;36802;0;22745
"696";2025;"0";"0";"0";0;0;0;0;0;0;478180;150249;0;61559;33198;0;0;0;0;0;0;0;0;0;872457;6051;69104;12883;61234;37052;0;14543
"697";2025;"0";"0";"0";0;0;0;0;0;3125;0;5749;0;777;1115;0;0;0;0;0;0;0;0;0;19008;253;4665;2704;620;598;0;0
"698";2025;"0";"0";"0";0;0;0;0;0;6019;0;9532;0;2323;1886;0;0;0;0;0;0;0;0;0;36362;252;10467;4265;1618;1570;0;0
"699";2025;"0";"0";"0";0;0;0;0;0;9780;0;9878;0;2859;1177;0;0;0;0;0;0;0;0;0;44992;377;16010;3355;1558;1516;0;0
"700";2025;"0";"0";"0";0;0;0;0;0;19202;0;14899;0;2787;2074;0;0;0;0;0;0;0;0;0;66000;710;20831;3054;2442;2358;0;0
"701";2025;"0";"0";"0";0;0;0;0;0;20057;0;19327;0;3331;1941;0;0;0;0;0;0;0;0;0;63998;1001;14411;2587;1342;1303;0;0
"702";2025;"0";"0";"0";0;0;0;0;0;28504;0;22165;0;1839;2271;0;0;0;0;0;0;0;0;0;67390;1211;7867;2320;1213;1177;0;0
"703";2025;"0";"0";"0";0;0;0;0;0;2381;0;5466;0;1261;670;0;0;0;0;0;0;0;0;0;18108;208;3193;4592;338;338;0;0
"704";2025;"0";"0";"0";0;0;0;0;0;5949;0;10316;0;2504;1329;0;0;0;0;0;0;0;0;0;34639;447;7085;5391;1618;1549;0;0
"705";2025;"0";"0";"0";0;0;0;0;0;9243;0;10931;0;2721;1490;0;0;0;0;0;0;0;0;0;41191;536;11077;3282;1912;1881;0;0
"706";2025;"0";"0";"0";0;0;0;0;0;19163;0;18879;0;3524;2376;0;0;0;0;0;0;0;0;0;69057;616;15935;4946;3618;3539;0;0
"707";2025;"0";"0";"0";0;0;0;0;0;19020;0;23226;0;4250;1836;0;0;0;0;0;0;0;0;0;65326;998;10780;2771;2444;2344;0;0
"708";2025;"0";"0";"0";0;0;0;0;0;34561;0;28377;0;2301;2446;0;0;0;0;0;0;0;0;0;79223;1442;6856;1948;1292;1285;0;0
"709";2025;"0";"0";"0";0;0;0;0;0;2218;0;2400;0;1582;1590;0;0;0;0;0;0;0;0;0;19008;120;5008;3286;2802;149;0;1468
"710";2025;"0";"0";"0";0;0;0;0;0;4965;0;5026;0;3712;2238;0;0;0;0;0;0;0;0;0;36362;227;10932;4499;4763;866;0;2237
"711";2025;"0";"0";"0";0;0;0;0;0;8566;0;6627;0;3822;1596;0;0;0;0;0;0;0;0;0;44992;267;16085;3239;4790;855;0;2247
"712";2025;"0";"0";"0";0;0;0;0;0;17221;0;10225;0;4589;2725;0;0;0;0;0;0;0;0;0;66000;468;21758;3031;5983;1054;0;3571
"713";2025;"0";"0";"0";0;0;0;0;0;18622;0;15604;0;4506;2629;0;0;0;0;0;0;0;0;0;63998;553;14474;2505;5104;508;0;3658
"714";2025;"0";"0";"0";0;0;0;0;0;26959;0;19860;0;3188;3386;0;0;0;0;0;0;0;0;0;67390;822;7897;2134;3143;527;0;2133
"715";2025;"0";"0";"0";0;0;0;0;0;1709;0;2669;0;1567;519;0;0;0;0;0;0;0;0;0;18108;167;3069;5855;2553;55;0;1704
"716";2025;"0";"0";"0";0;0;0;0;0;4448;0;5295;0;3238;1408;0;0;0;0;0;0;0;0;0;34639;389;7167;6660;6034;421;0;3038
"717";2025;"0";"0";"0";0;0;0;0;0;7908;0;6905;0;3796;1476;0;0;0;0;0;0;0;0;0;41191;346;10784;3826;6149;970;0;3182
"718";2025;"0";"0";"0";0;0;0;0;0;16685;0;13310;0;4961;2945;0;0;0;0;0;0;0;0;0;69057;355;15363;4694;10744;1613;0;5763
"719";2025;"0";"0";"0";0;0;0;0;0;18452;0;18261;0;5040;2214;0;0;0;0;0;0;0;0;0;65326;662;10439;2451;7806;990;0;4839
"720";2025;"0";"0";"0";0;0;0;0;0;33358;0;24953;0;3370;2999;0;0;0;0;0;0;0;0;0;79223;1194;6317;1898;5134;467;0;3161
"721";2025;"0";"0";"0";0;0;0;0;0;7714;0;9301;0;10256;2876;0;0;0;0;0;0;0;0;0;63182;354;8242;22181;2257;256;0;855
"722";2025;"0";"0";"0";0;0;0;0;0;15941;0;15739;0;25126;5010;0;0;0;0;0;0;0;0;0;124165;688;15353;39617;6691;459;0;2077
"723";2025;"0";"0";"0";0;0;0;0;0;27947;0;20657;0;36535;5436;0;0;0;0;0;0;0;0;0;172264;704;30277;42217;8491;1076;0;2550
"724";2025;"0";"0";"0";0;0;0;0;0;51703;0;31738;0;46311;5822;0;0;0;0;0;0;0;0;0;234038;1703;49439;37948;9376;1178;0;3288
"725";2025;"0";"0";"0";0;0;0;0;0;40522;0;27693;0;20560;3508;0;0;0;0;0;0;0;0;0;164789;2016;40450;23359;6683;838;0;4011
"726";2025;"0";"0";"0";0;0;0;0;0;58046;0;39689;0;12694;4944;0;0;0;0;0;0;0;0;0;174995;2444;25811;23983;7384;395;0;5660
"727";2025;"0";"0";"0";0;0;0;0;0;5017;0;9628;0;13912;1562;0;0;0;0;0;0;0;0;0;67108;652;3795;29268;3276;172;0;800
"728";2025;"0";"0";"0";0;0;0;0;0;13074;0;16697;0;35111;3776;0;0;0;0;0;0;0;0;0;136609;773;10150;50717;6312;593;0;1695
"729";2025;"0";"0";"0";0;0;0;0;0;25022;0;23277;0;41770;4265;0;0;0;0;0;0;0;0;0;173844;1212;21800;46178;10321;1061;0;4153
"730";2025;"0";"0";"0";0;0;0;0;0;47592;0;38659;0;51458;6205;0;0;0;0;0;0;0;0;0;242420;2786;36692;46383;12644;985;0;5126
"731";2025;"0";"0";"0";0;0;0;0;0;44611;0;33525;0;24674;3506;0;0;0;0;0;0;0;0;0;173878;1758;29861;26199;9744;1157;0;5277
"732";2025;"0";"0";"0";0;0;0;0;0;76704;0;60061;0;19824;5667;0;0;0;0;0;0;0;0;0;233884;3448;22677;35500;10003;971;0;6294
"733";2025;"0";"0";"0";0;0;0;0;0;5871;0;6162;0;9666;3329;0;0;0;0;0;0;0;0;0;63182;236;8577;21438;7903;220;0;4314
"734";2025;"0";"0";"0";0;0;0;0;0;11647;0;11587;0;23727;7015;0;0;0;0;0;0;0;0;0;124165;470;15931;37495;16292;455;0;7979
"735";2025;"0";"0";"0";0;0;0;0;0;23546;0;18427;0;37038;7138;0;0;0;0;0;0;0;0;0;172264;435;31241;35879;18560;614;0;8797
"736";2025;"0";"0";"0";0;0;0;0;0;47029;0;29572;0;45749;9824;0;0;0;0;0;0;0;0;0;234038;887;49296;30544;21137;790;0;13447
"737";2025;"0";"0";"0";0;0;0;0;0;35707;0;25960;0;21698;5749;0;0;0;0;0;0;0;0;0;164789;1357;40817;19219;14283;427;0;10605
"738";2025;"0";"0";"0";0;0;0;0;0;51888;0;38158;0;13894;8096;0;0;0;0;0;0;0;0;0;174995;1868;26876;18925;15290;426;0;13390
"739";2025;"0";"0";"0";0;0;0;0;0;3320;0;5768;0;8889;2388;0;0;0;0;0;0;0;0;0;67108;312;3533;35113;7784;111;0;3582
"740";2025;"0";"0";"0";0;0;0;0;0;10656;0;12013;0;28065;4497;0;0;0;0;0;0;0;0;0;136609;320;9960;55599;15499;520;0;7152
"741";2025;"0";"0";"0";0;0;0;0;0;19943;0;19764;0;42545;4897;0;0;0;0;0;0;0;0;0;173844;714;22183;40519;23280;601;0;11618
"742";2025;"0";"0";"0";0;0;0;0;0;41411;0;34850;0;51724;8266;0;0;0;0;0;0;0;0;0;242420;1588;35679;39339;29563;954;0;18507
"743";2025;"0";"0";"0";0;0;0;0;0;37411;0;32518;0;25421;5016;0;0;0;0;0;0;0;0;0;173878;1102;29949;22370;20092;558;0;14287
"744";2025;"0";"0";"0";0;0;0;0;0;67670;0;60402;0;19619;7863;0;0;0;0;0;0;0;0;0;233884;2355;22948;30781;22246;726;0;15973
"745";2025;"0";"0";"0";0;0;0;0;0;5127;0;5915;0;2466;1436;0;0;0;0;0;0;0;0;0;44038;151;18928;6796;3218;1363;0;0
"746";2025;"0";"0";"0";0;0;0;0;0;8548;0;8215;0;4994;2231;0;0;0;0;0;0;0;0;0;63687;571;25624;8727;4777;1864;0;0
"747";2025;"0";"0";"0";0;0;0;0;0;23798;0;16404;0;9629;3574;0;0;0;0;0;0;0;0;0;138802;1221;66253;9705;8218;4518;0;0
"748";2025;"0";"0";"0";0;0;0;0;0;42919;0;30381;0;11178;4369;0;0;0;0;0;0;0;0;0;214665;793;99111;15241;10673;6724;0;0
"749";2025;"0";"0";"0";0;0;0;0;0;37615;0;32190;0;5723;5139;0;0;0;0;0;0;0;0;0;166345;947;65348;13334;6049;4487;0;0
"750";2025;"0";"0";"0";0;0;0;0;0;40132;0;46259;0;4447;4352;0;0;0;0;0;0;0;0;0;166441;3725;40864;22802;3860;2319;0;0
"751";2025;"0";"0";"0";0;0;0;0;0;4785;0;9336;0;3551;1060;0;0;0;0;0;0;0;0;0;46331;713;11082;12503;3302;1712;0;0
"752";2025;"0";"0";"0";0;0;0;0;0;9116;0;12298;0;8630;2025;0;0;0;0;0;0;0;0;0;68480;481;19906;11179;4846;2541;0;0
"753";2025;"0";"0";"0";0;0;0;0;0;22857;0;23032;0;11736;4241;0;0;0;0;0;0;0;0;0;145353;1594;57924;13060;10909;5834;0;0
"754";2025;"0";"0";"0";0;0;0;0;0;42079;0;36516;0;11664;6136;0;0;0;0;0;0;0;0;0;208184;1633;72991;22520;14645;10169;0;0
"755";2025;"0";"0";"0";0;0;0;0;0;41776;0;38203;0;5846;4646;0;0;0;0;0;0;0;0;0;172493;1550;50901;20785;8786;5957;0;0
"756";2025;"0";"0";"0";0;0;0;0;0;53579;0;78291;0;6140;5243;0;0;0;0;0;0;0;0;0;223861;3109;36786;32529;8184;5568;0;0
"757";2025;"0";"0";"0";0;0;0;0;0;4078;0;3007;0;3183;2265;0;0;0;0;0;0;0;0;0;44038;156;17828;7945;5576;419;0;2741
"758";2025;"0";"0";"0";0;0;0;0;0;8063;0;4003;0;6040;2800;0;0;0;0;0;0;0;0;0;63687;427;24794;10020;7541;621;0;4348
"759";2025;"0";"0";"0";0;0;0;0;0;21807;0;10680;0;10551;4753;0;0;0;0;0;0;0;0;0;138802;1224;64486;9979;15321;2614;0;8492
"760";2025;"0";"0";"0";0;0;0;0;0;38128;0;19838;0;15230;6994;0;0;0;0;0;0;0;0;0;214665;593;95006;14051;24824;4238;0;17146
"761";2025;"0";"0";"0";0;0;0;0;0;34934;0;22976;0;8743;6010;0;0;0;0;0;0;0;0;0;166345;997;61890;13367;17429;1562;0;14864
"762";2025;"0";"0";"0";0;0;0;0;0;38020;0;38988;0;5672;4148;0;0;0;0;0;0;0;0;0;166441;1613;37308;17120;23573;900;0;22004
"763";2025;"0";"0";"0";0;0;0;0;0;3067;0;3514;0;3701;1354;0;0;0;0;0;0;0;0;0;46331;712;10195;15424;8364;509;0;5627
"764";2025;"0";"0";"0";0;0;0;0;0;6534;0;5677;0;8044;1914;0;0;0;0;0;0;0;0;0;68480;318;18490;14561;12941;2162;0;7377
"765";2025;"0";"0";"0";0;0;0;0;0;20374;0;14605;0;13689;3978;0;0;0;0;0;0;0;0;0;145353;1000;55587;12929;23191;2292;0;16366
"766";2025;"0";"0";"0";0;0;0;0;0;39666;0;24150;0;16761;6938;0;0;0;0;0;0;0;0;0;208184;910;69983;17074;32702;3934;0;24452
"767";2025;"0";"0";"0";0;0;0;0;0;33704;0;29682;0;8543;5329;0;0;0;0;0;0;0;0;0;172493;1267;46427;16970;30571;2305;0;26855
"768";2025;"0";"0";"0";0;0;0;0;0;49675;0;66890;0;8442;6983;0;0;0;0;0;0;0;0;0;223861;2125;33280;26783;29683;2414;0;26132
"769";2025;"0";"0";"0";0;0;0;0;0;2939;0;4177;0;1389;977;0;0;0;0;0;0;0;0;0;28483;178;12975;4822;1026;724;0;0
"770";2025;"0";"0";"0";0;0;0;0;0;4916;0;5958;0;3262;1361;0;0;0;0;0;0;0;0;0;40684;282;15411;7835;1658;1069;0;0
"771";2025;"0";"0";"0";0;0;0;0;0;11713;0;7816;0;3366;1752;0;0;0;0;0;0;0;0;0;76745;695;40884;7149;3370;2436;0;0
"772";2025;"0";"0";"0";0;0;0;0;0;24165;0;13107;0;3772;2797;0;0;0;0;0;0;0;0;0;121573;696;62871;9643;4521;3191;0;0
"773";2025;"0";"0";"0";0;0;0;0;0;23990;0;15925;0;2348;2501;0;0;0;0;0;0;0;0;0;111186;1000;50161;11945;3317;2147;0;0
"774";2025;"0";"0";"0";0;0;0;0;0;28396;0;26449;0;1939;2709;0;0;0;0;0;0;0;0;0;114390;1967;31864;18886;2180;1382;0;0
"775";2025;"0";"0";"0";0;0;0;0;0;2174;0;6255;0;1326;889;0;0;0;0;0;0;0;0;0;28640;72;7366;9396;1163;554;0;0
"776";2025;"0";"0";"0";0;0;0;0;0;4665;0;7880;0;3809;1143;0;0;0;0;0;0;0;0;0;41833;194;12090;9504;2547;1025;0;0
"777";2025;"0";"0";"0";0;0;0;0;0;12059;0;10998;0;4422;2421;0;0;0;0;0;0;0;0;0;77674;796;32026;9596;5356;3364;0;0
"778";2025;"0";"0";"0";0;0;0;0;0;24063;0;17301;0;4065;4259;0;0;0;0;0;0;0;0;0;117212;955;45326;13659;7582;4218;0;0
"779";2025;"0";"0";"0";0;0;0;0;0;26711;0;22916;0;3394;3684;0;0;0;0;0;0;0;0;0;118566;1537;36734;17305;6285;4110;0;0
"780";2025;"0";"0";"0";0;0;0;0;0;39995;0;40765;0;3806;4844;0;0;0;0;0;0;0;0;0;152055;2943;29140;25037;5526;3352;0;0
"781";2025;"0";"0";"0";0;0;0;0;0;2011;0;1978;0;2179;1512;0;0;0;0;0;0;0;0;0;28483;95;12500;4727;3480;304;0;1729
"782";2025;"0";"0";"0";0;0;0;0;0;3837;0;2849;0;4956;1899;0;0;0;0;0;0;0;0;0;40684;200;14912;7299;4732;538;0;2488
"783";2025;"0";"0";"0";0;0;0;0;0;10070;0;4242;0;5833;1833;0;0;0;0;0;0;0;0;0;76745;544;40052;5875;8295;1017;0;5022
"784";2025;"0";"0";"0";0;0;0;0;0;21620;0;8882;0;5782;3929;0;0;0;0;0;0;0;0;0;121573;522;60658;7389;12790;1549;0;9353
"785";2025;"0";"0";"0";0;0;0;0;0;22388;0;12482;0;3142;3201;0;0;0;0;0;0;0;0;0;111186;622;47415;8974;12962;700;0;11013
"786";2025;"0";"0";"0";0;0;0;0;0;26708;0;21250;0;3115;3575;0;0;0;0;0;0;0;0;0;114390;1417;29567;13709;15049;707;0;13293
"787";2025;"0";"0";"0";0;0;0;0;0;1497;0;1664;0;3046;355;0;0;0;0;0;0;0;0;0;28640;117;7016;10848;4097;129;0;2559
"788";2025;"0";"0";"0";0;0;0;0;0;3631;0;3169;0;5691;1162;0;0;0;0;0;0;0;0;0;41833;135;11948;9943;6153;511;0;3346
"789";2025;"0";"0";"0";0;0;0;0;0;9998;0;6305;0;5565;1851;0;0;0;0;0;0;0;0;0;77674;573;30513;9031;13837;911;0;9042
"790";2025;"0";"0";"0";0;0;0;0;0;20584;0;11344;0;6053;4899;0;0;0;0;0;0;0;0;0;117212;522;43131;11068;19611;1419;0;14574
"791";2025;"0";"0";"0";0;0;0;0;0;23457;0;17571;0;4810;3627;0;0;0;0;0;0;0;0;0;118566;831;33893;13679;20697;1657;0;16471
"792";2025;"0";"0";"0";0;0;0;0;0;36155;0;34950;0;4547;4834;0;0;0;0;0;0;0;0;0;152055;2218;25756;20517;23079;1373;0;18982
"793";2025;"0";"0";"0";0;0;0;0;0;10230;0;6307;0;5184;3087;0;0;0;0;0;0;0;0;0;78622;803;32716;14970;5325;1311;0;1922
"794";2025;"0";"0";"0";0;0;0;0;0;18673;0;8622;0;10952;4566;0;0;0;0;0;0;0;0;0;127994;881;47004;27852;9444;3235;0;2629
"795";2025;"0";"0";"0";0;0;0;0;0;40795;0;13630;0;17209;5283;0;0;0;0;0;0;0;0;0;216311;1213;96891;26128;15161;5322;0;4713
"796";2025;"0";"0";"0";0;0;0;0;0;71207;0;19055;0;16040;8173;0;0;0;0;0;0;0;0;0;316665;1779;160033;21462;18915;8157;0;6869
"797";2025;"0";"0";"0";0;0;0;0;0;58144;0;18965;0;6667;5048;0;0;0;0;0;0;0;0;0;237730;1504;116716;19046;11640;4338;0;5786
"798";2025;"0";"0";"0";0;0;0;0;0;86390;0;38665;0;5684;7021;0;0;0;0;0;0;0;0;0;280049;3052;93572;28489;17174;4987;0;11033
"799";2025;"0";"0";"0";0;0;0;0;0;8239;0;7819;0;5213;2498;0;0;0;0;0;0;0;0;0;82463;321;22120;30144;6108;1596;0;2551
"800";2025;"0";"0";"0";0;0;0;0;0;15557;0;9711;0;12197;3126;0;0;0;0;0;0;0;0;0;122629;831;34703;35310;11195;3271;0;3826
"801";2025;"0";"0";"0";0;0;0;0;0;40960;0;17816;0;18636;5494;0;0;0;0;0;0;0;0;0;209676;1877;73598;29768;21527;8322;0;6533
"802";2025;"0";"0";"0";0;0;0;0;0;69641;0;23666;0;14181;7726;0;0;0;0;0;0;0;0;0;294882;2799;120598;29505;26768;11966;0;9943
"803";2025;"0";"0";"0";0;0;0;0;0;67708;0;25634;0;8952;6634;0;0;0;0;0;0;0;0;0;255081;2521;96489;25377;21766;9200;0;10003
"804";2025;"0";"0";"0";0;0;0;0;0;125281;0;57460;0;8110;10973;0;0;0;0;0;0;0;0;0;362675;4421;91620;38777;26033;10069;0;13749
"805";2025;"0";"0";"0";0;0;0;0;0;5670;0;4222;0;6399;3667;0;0;0;0;0;0;0;0;0;78622;581;32372;16014;9696;677;0;4766
"806";2025;"0";"0";"0";0;0;0;0;0;11637;0;6562;0;16189;6012;0;0;0;0;0;0;0;0;0;127994;755;47176;23936;15726;1754;0;7042
"807";2025;"0";"0";"0";0;0;0;0;0;32471;0;12186;0;22388;6541;0;0;0;0;0;0;0;0;0;216311;684;97461;21742;22838;3062;0;11995
"808";2025;"0";"0";"0";0;0;0;0;0;58432;0;17711;0;21839;11368;0;0;0;0;0;0;0;0;0;316665;1416;158487;18109;29304;4204;0;19164
"809";2025;"0";"0";"0";0;0;0;0;0;51177;0;16913;0;7853;6926;0;0;0;0;0;0;0;0;0;237730;847;113401;16585;24029;2541;0;19116
"810";2025;"0";"0";"0";0;0;0;0;0;79061;0;36629;0;5817;8966;0;0;0;0;0;0;0;0;0;280049;2226;88536;23616;35199;2384;0;30619
"811";2025;"0";"0";"0";0;0;0;0;0;4149;0;4962;0;6566;2908;0;0;0;0;0;0;0;0;0;82463;240;20757;30580;12301;751;0;6980
"812";2025;"0";"0";"0";0;0;0;0;0;9262;0;6655;0;16481;2760;0;0;0;0;0;0;0;0;0;122629;338;32703;33406;21024;1983;0;11018
"813";2025;"0";"0";"0";0;0;0;0;0;32955;0;13792;0;24427;5358;0;0;0;0;0;0;0;0;0;209676;921;71095;25178;35948;4490;0;19990
"814";2025;"0";"0";"0";0;0;0;0;0;55143;0;20683;0;19856;9879;0;0;0;0;0;0;0;0;0;294882;1577;116680;25627;45437;6682;0;29951
"815";2025;"0";"0";"0";0;0;0;0;0;56340;0;23945;0;10289;7203;0;0;0;0;0;0;0;0;0;255081;1872;92680;21347;41405;5438;0;30071
"816";2025;"0";"0";"0";0;0;0;0;0;110950;0;52884;0;9165;11847;0;0;0;0;0;0;0;0;0;362675;3748;87052;34323;52706;6171;0;41545
"817";2025;"0";"0";"0";0;0;0;0;0;5087;0;4095;0;1662;1488;0;0;0;0;0;0;0;0;0;37519;401;17584;5453;1747;945;0;0
"818";2025;"0";"0";"0";0;0;0;0;0;6090;0;5655;0;3495;1649;0;0;0;0;0;0;0;0;0;52472;225;25338;7271;2749;1465;0;0
"819";2025;"0";"0";"0";0;0;0;0;0;18443;0;8738;0;5775;2362;0;0;0;0;0;0;0;0;0;106674;970;55960;9018;5408;3181;0;0
"820";2025;"0";"0";"0";0;0;0;0;0;34955;0;13193;0;5564;4104;0;0;0;0;0;0;0;0;0;165977;1359;87028;11663;8111;4986;0;0
"821";2025;"0";"0";"0";0;0;0;0;0;34754;0;17121;0;2974;2940;0;0;0;0;0;0;0;0;0;142818;1805;63686;14768;4769;3110;0;0
"822";2025;"0";"0";"0";0;0;0;0;0;45381;0;30537;0;2652;3875;0;0;0;0;0;0;0;0;0;152874;2924;42326;21402;3776;2216;0;0
"823";2025;"0";"0";"0";0;0;0;0;0;2812;0;5393;0;1721;1088;0;0;0;0;0;0;0;0;0;35994;356;12101;11421;1102;436;0;0
"824";2025;"0";"0";"0";0;0;0;0;0;6103;0;7416;0;3923;1287;0;0;0;0;0;0;0;0;0;51556;496;18657;10297;3377;2102;0;0
"825";2025;"0";"0";"0";0;0;0;0;0;19785;0;10054;0;5065;3111;0;0;0;0;0;0;0;0;0;101928;1097;44715;11117;6986;4857;0;0
"826";2025;"0";"0";"0";0;0;0;0;0;35421;0;16069;0;7153;4495;0;0;0;0;0;0;0;0;0;153435;1819;61515;17461;9502;6594;0;0
"827";2025;"0";"0";"0";0;0;0;0;0;37754;0;22932;0;3702;4616;0;0;0;0;0;0;0;0;0;148564;2189;49174;19261;8935;6183;0;0
"828";2025;"0";"0";"0";0;0;0;0;0;66735;0;42747;0;4912;6586;0;0;0;0;0;0;0;0;0;198026;3652;37550;26685;9158;6289;0;0
"829";2025;"0";"0";"0";0;0;0;0;0;3208;0;2464;0;2165;1234;0;0;0;0;0;0;0;0;0;37519;390;17276;6445;4336;200;0;2326
"830";2025;"0";"0";"0";0;0;0;0;0;4362;0;2536;0;4507;1832;0;0;0;0;0;0;0;0;0;52472;171;25051;8347;5666;595;0;2952
"831";2025;"0";"0";"0";0;0;0;0;0;14270;0;5973;0;7140;3371;0;0;0;0;0;0;0;0;0;106674;694;55459;7946;11822;1429;0;6864
"832";2025;"0";"0";"0";0;0;0;0;0;27926;0;10735;0;6755;5480;0;0;0;0;0;0;0;0;0;165977;880;86556;9859;17786;1836;0;13246
"833";2025;"0";"0";"0";0;0;0;0;0;30102;0;14845;0;3496;3813;0;0;0;0;0;0;0;0;0;142818;1018;60883;10815;17846;1581;0;15391
"834";2025;"0";"0";"0";0;0;0;0;0;39895;0;27837;0;3150;4285;0;0;0;0;0;0;0;0;0;152874;1417;39985;15577;20727;871;0;19148
"835";2025;"0";"0";"0";0;0;0;0;0;1675;0;1584;0;2005;815;0;0;0;0;0;0;0;0;0;35994;301;11248;13397;4969;110;0;3274
"836";2025;"0";"0";"0";0;0;0;0;0;3948;0;3295;0;5202;1203;0;0;0;0;0;0;0;0;0;51556;329;17855;11372;8352;920;0;5333
"837";2025;"0";"0";"0";0;0;0;0;0;14261;0;6021;0;7016;2588;0;0;0;0;0;0;0;0;0;101928;710;43748;9989;17595;2470;0;11957
"838";2025;"0";"0";"0";0;0;0;0;0;27974;0;13411;0;8222;4842;0;0;0;0;0;0;0;0;0;153435;832;57549;14549;26057;2523;0;20807
"839";2025;"0";"0";"0";0;0;0;0;0;30924;0;19401;0;4106;4739;0;0;0;0;0;0;0;0;0;148564;1187;45297;14194;28717;2756;0;23833
"840";2025;"0";"0";"0";0;0;0;0;0;57994;0;38432;0;5313;7051;0;0;0;0;0;0;0;0;0;198026;2558;35203;21317;30158;3159;0;25279
"841";2025;"0";"0";"0";0;0;0;0;0;3872;0;2913;0;1307;1248;0;0;0;0;0;0;0;0;0;37971;237;18644;7227;2523;291;0;2012
"842";2025;"0";"0";"0";0;0;0;0;0;6072;0;3446;0;2442;1317;0;0;0;0;0;0;0;0;0;51789;417;22134;11776;4184;1169;0;2709
"843";2025;"0";"0";"0";0;0;0;0;0;14919;0;6569;0;3775;1872;0;0;0;0;0;0;0;0;0;99494;131;52337;11560;8331;2234;0;5509
"844";2025;"0";"0";"0";0;0;0;0;0;31867;0;10708;0;4664;3348;0;0;0;0;0;0;0;0;0;172780;1589;93391;14810;12402;3584;0;7818
"845";2025;"0";"0";"0";0;0;0;0;0;31506;0;11845;0;2593;2496;0;0;0;0;0;0;0;0;0;140950;918;61763;16371;13458;2301;0;9979
"846";2025;"0";"0";"0";0;0;0;0;0;41319;0;22881;0;2812;2830;0;0;0;0;0;0;0;0;0;153356;1038;43310;24885;14281;1383;0;12155
"847";2025;"0";"0";"0";0;0;0;0;0;3649;0;3027;0;1682;720;0;0;0;0;0;0;0;0;0;37599;331;9836;14798;3556;380;0;3004
"848";2025;"0";"0";"0";0;0;0;0;0;5596;0;3850;0;2232;1170;0;0;0;0;0;0;0;0;0;48934;269;17325;13532;4959;795;0;3915
"849";2025;"0";"0";"0";0;0;0;0;0;16650;0;7869;0;3402;1947;0;0;0;0;0;0;0;0;0;97902;561;42704;13041;11729;3009;0;8254
"850";2025;"0";"0";"0";0;0;0;0;0;31004;0;12839;0;5183;4016;0;0;0;0;0;0;0;0;0;159605;1505;63318;21855;19885;4957;0;13203
"851";2025;"0";"0";"0";0;0;0;0;0;33101;0;15311;0;3099;3172;0;0;0;0;0;0;0;0;0;144171;1022;48819;22352;17296;3122;0;13152
"852";2025;"0";"0";"0";0;0;0;0;0;53272;0;30583;0;3630;3985;0;0;0;0;0;0;0;0;0;188923;2228;38488;37741;18995;2607;0;15265
"853";2025;"0";"0";"0";0;0;0;0;0;2616;0;2821;0;2328;1800;0;0;0;0;0;0;0;0;0;37971;367;18147;6507;3386;237;0;2196
"854";2025;"0";"0";"0";0;0;0;0;0;5019;0;2349;0;4400;1344;0;0;0;0;0;0;0;0;0;51789;356;22476;9535;6310;939;0;4166
"855";2025;"0";"0";"0";0;0;0;0;0;13237;0;4856;0;5893;2809;0;0;0;0;0;0;0;0;0;99494;152;53272;9787;9486;2181;0;5848
"856";2025;"0";"0";"0";0;0;0;0;0;28558;0;9185;0;7073;5279;0;0;0;0;0;0;0;0;0;172780;1256;93726;13786;13918;2411;0;10178
"857";2025;"0";"0";"0";0;0;0;0;0;28576;0;11095;0;3751;3820;0;0;0;0;0;0;0;0;0;140950;729;62287;16606;14086;1602;0;11698
"858";2025;"0";"0";"0";0;0;0;0;0;38443;0;22082;0;3337;3984;0;0;0;0;0;0;0;0;0;153356;1298;42196;23948;18069;1016;0;16685
"859";2025;"0";"0";"0";0;0;0;0;0;2373;0;1860;0;2593;893;0;0;0;0;0;0;0;0;0;37599;383;10037;15237;4224;204;0;3547
"860";2025;"0";"0";"0";0;0;0;0;0;3324;0;3199;0;4295;1515;0;0;0;0;0;0;0;0;0;48934;210;17295;11575;7519;819;0;5728
"861";2025;"0";"0";"0";0;0;0;0;0;14260;0;6243;0;5754;2670;0;0;0;0;0;0;0;0;0;97902;468;42199;12141;14169;2479;0;10343
"862";2025;"0";"0";"0";0;0;0;0;0;27078;0;11670;0;7913;5328;0;0;0;0;0;0;0;0;0;159605;830;63456;20300;23031;3682;0;17399
"863";2025;"0";"0";"0";0;0;0;0;0;31416;0;12893;0;4472;3800;0;0;0;0;0;0;0;0;0;144171;729;48315;22890;19657;2580;0;16214
"864";2025;"0";"0";"0";0;0;0;0;0;51166;0;27662;0;4288;4050;0;0;0;0;0;0;0;0;0;188923;2537;37121;38378;23722;2471;0;20758
